-- phpMyAdmin SQL Dump
-- version 5.0.2
-- https://www.phpmyadmin.net/
--
-- Servidor: 127.0.0.1
-- Tiempo de generación: 23-08-2021 a las 21:14:10
-- Versión del servidor: 10.4.13-MariaDB
-- Versión de PHP: 7.4.7

SET SQL_MODE = "NO_AUTO_VALUE_ON_ZERO";
START TRANSACTION;
SET time_zone = "+00:00";


/*!40101 SET @OLD_CHARACTER_SET_CLIENT=@@CHARACTER_SET_CLIENT */;
/*!40101 SET @OLD_CHARACTER_SET_RESULTS=@@CHARACTER_SET_RESULTS */;
/*!40101 SET @OLD_COLLATION_CONNECTION=@@COLLATION_CONNECTION */;
/*!40101 SET NAMES utf8mb4 */;

--
-- Base de datos: `aquamazonia`
--

-- --------------------------------------------------------

--
-- Estructura de tabla para la tabla `actividades`
--

CREATE TABLE `actividades` (
  `id` int(11) NOT NULL,
  `actividad` varchar(50) NOT NULL,
  `created_at` timestamp NOT NULL DEFAULT current_timestamp(),
  `updated_at` timestamp NOT NULL DEFAULT current_timestamp()
) ENGINE=InnoDB DEFAULT CHARSET=utf8mb4;

--
-- Volcado de datos para la tabla `actividades`
--

INSERT INTO `actividades` (`id`, `actividad`, `created_at`, `updated_at`) VALUES
(1, 'Alimentación', '2020-09-07 14:51:11', '2020-09-07 14:51:11'),
(2, 'Cultivo', '2020-09-07 14:51:11', '2020-09-07 14:51:11'),
(3, 'Encalado', '2020-09-07 14:53:51', '2020-09-07 14:53:51'),
(4, 'Lavado', '2020-09-07 14:53:51', '2020-09-07 14:53:51'),
(5, 'Llenado', '2020-09-07 14:53:51', '2020-09-07 14:53:51'),
(6, 'Pesca', '2020-09-07 14:53:51', '2020-09-07 14:53:51'),
(7, 'Secado', '2020-09-07 14:53:51', '2020-09-07 14:53:51'),
(8, 'Siembra', '2020-09-07 14:53:51', '2020-09-07 14:53:51'),
(9, 'Fumigado', '2020-09-07 14:53:51', '2020-09-07 14:53:51'),
(10, 'Re-encalado', '2020-09-07 14:53:51', '2020-09-07 14:53:51'),
(11, 'Recambios de agua', '2020-09-07 14:53:51', '2020-09-07 14:53:51'),
(12, 'Aireación Mecánica', '2020-09-07 14:55:31', '2020-09-07 14:55:31'),
(13, 'Aplicación probiótico', '2020-09-07 14:55:31', '2020-09-07 14:55:31');

-- --------------------------------------------------------

--
-- Estructura de tabla para la tabla `alimentos`
--

CREATE TABLE `alimentos` (
  `id` int(11) NOT NULL,
  `alimento` varchar(350) COLLATE utf8mb4_spanish2_ci NOT NULL,
  `costo_kg` double(20,4) NOT NULL,
  `created_at` timestamp NOT NULL DEFAULT current_timestamp(),
  `updated_at` timestamp NOT NULL DEFAULT current_timestamp() ON UPDATE current_timestamp()
) ENGINE=InnoDB DEFAULT CHARSET=utf8mb4 COLLATE=utf8mb4_spanish2_ci;

--
-- Volcado de datos para la tabla `alimentos`
--

INSERT INTO `alimentos` (`id`, `alimento`, `costo_kg`, `created_at`, `updated_at`) VALUES
(1, 'C. TILAPIAS INICIACION H.', 4099.1250, '2021-06-24 20:55:34', '2021-06-24 20:55:34'),
(2, 'C. TILAPIAS INICIACION 1.0mm E.', 4399.8500, '2021-06-24 20:57:00', '2021-06-24 20:57:00'),
(3, 'C. TILAPIAS INICIACION 1.4mm E.', 4399.8500, '2021-06-24 20:58:02', '2021-06-24 21:01:42'),
(4, 'C. TILAPIAS REPRODUCCION E.', 2920.0000, '2021-06-24 20:58:47', '2021-06-24 20:58:47'),
(5, 'C. MAXIPECES 38 E. 1.8mm', 2927.0250, '2021-06-24 21:00:17', '2021-06-24 21:00:17'),
(6, 'C. MAXIPECES 38 E. 2.5mm', 2927.0250, '2021-06-24 21:01:33', '2021-06-24 21:01:33'),
(7, 'C. MAXIPECES 32 E. 2.5mm', 2567.3750, '2021-06-24 21:19:40', '2021-06-24 21:19:40'),
(8, 'C. MAXIPECES 32 E. 7.0mm', 2567.3750, '2021-06-24 21:20:48', '2021-06-24 21:20:48'),
(9, 'C. MAXIPECES 28 E.', 2357.6250, '2021-06-24 21:22:07', '2021-06-24 21:22:07'),
(10, 'MOJARRA INICIACION 40%. 18mm', 3103.8500, '2021-06-24 21:24:06', '2021-06-24 21:24:06'),
(11, 'PECES TROPICALES 38 E.', 2578.8000, '2021-06-24 21:30:00', '2021-06-24 21:30:00'),
(12, 'PECES TROPICALES 35 E.', 2484.0500, '2021-06-24 21:30:43', '2021-06-24 21:30:43'),
(13, 'PECES TROPICALES 32 E.', 2374.3250, '2021-06-24 21:31:33', '2021-06-24 21:31:33'),
(14, 'PECES TROPICALES 30 E 2.8mm', 2314.4750, '2021-06-24 21:34:02', '2021-06-24 21:34:02'),
(15, 'PECES TROPICALES 30 E 4.5mm', 2314.4750, '2021-06-24 21:34:45', '2021-06-24 21:34:45'),
(16, 'PECES TROPICALES 25 E 4.0mm', 2199.7500, '2021-06-24 21:35:57', '2021-06-24 21:35:57'),
(17, 'alimento prueba 1', 2500.0000, '2021-07-24 05:29:19', '2021-07-24 05:32:45');

-- --------------------------------------------------------

--
-- Estructura de tabla para la tabla `calidad_agua`
--

CREATE TABLE `calidad_agua` (
  `id` int(11) NOT NULL,
  `id_contenedor` int(11) NOT NULL,
  `fecha_parametro` date NOT NULL,
  `12_am` double DEFAULT NULL,
  `4_am` double DEFAULT NULL,
  `7_am` double DEFAULT NULL,
  `4_pm` double DEFAULT NULL,
  `8_pm` double DEFAULT NULL,
  `temperatura` double DEFAULT NULL,
  `ph` double DEFAULT NULL,
  `amonio` double DEFAULT NULL,
  `nitrito` double DEFAULT NULL,
  `nitrato` double DEFAULT NULL,
  `otros` double DEFAULT NULL,
  `created_at` timestamp NOT NULL DEFAULT current_timestamp(),
  `updated_at` timestamp NOT NULL DEFAULT current_timestamp()
) ENGINE=InnoDB DEFAULT CHARSET=utf8mb4;

--
-- Volcado de datos para la tabla `calidad_agua`
--

INSERT INTO `calidad_agua` (`id`, `id_contenedor`, `fecha_parametro`, `12_am`, `4_am`, `7_am`, `4_pm`, `8_pm`, `temperatura`, `ph`, `amonio`, `nitrito`, `nitrato`, `otros`, `created_at`, `updated_at`) VALUES
(1, 3, '2020-05-09', NULL, NULL, NULL, NULL, NULL, NULL, 7.8, NULL, NULL, NULL, NULL, '2021-07-09 02:21:05', '2021-07-09 02:24:31'),
(2, 3, '2020-05-16', NULL, NULL, NULL, NULL, NULL, NULL, 7, 0, 0, NULL, NULL, '2021-07-09 02:21:41', '2021-07-09 02:21:41'),
(3, 3, '2020-05-23', NULL, NULL, NULL, NULL, NULL, NULL, 7.2, 0, NULL, NULL, NULL, '2021-07-09 02:25:34', '2021-07-09 02:25:34'),
(4, 3, '2020-05-30', NULL, NULL, NULL, NULL, NULL, NULL, 7.6, 0, NULL, NULL, NULL, '2021-07-09 02:25:59', '2021-07-09 02:25:59'),
(5, 3, '2020-06-06', NULL, NULL, NULL, NULL, NULL, NULL, 7, 0.25, NULL, NULL, NULL, '2021-07-09 02:29:57', '2021-07-09 02:29:57'),
(6, 3, '2020-06-22', NULL, NULL, NULL, NULL, NULL, NULL, 7.8, 0.25, NULL, NULL, NULL, '2021-07-09 02:32:44', '2021-07-09 02:32:44'),
(7, 3, '2020-06-15', NULL, NULL, NULL, NULL, NULL, NULL, 7.6, 0, NULL, NULL, NULL, '2021-07-09 02:35:31', '2021-07-09 02:35:31'),
(8, 3, '2020-06-27', NULL, NULL, NULL, NULL, NULL, NULL, 7.2, 0.25, NULL, NULL, NULL, '2021-07-09 02:36:22', '2021-07-09 02:36:22'),
(9, 3, '2020-07-06', NULL, NULL, NULL, NULL, NULL, NULL, 6.8, 0.25, NULL, NULL, NULL, '2021-07-09 02:55:07', '2021-07-09 02:55:07'),
(10, 3, '2020-07-11', NULL, NULL, NULL, NULL, NULL, NULL, 7.2, 0.5, NULL, NULL, NULL, '2021-07-09 02:55:42', '2021-07-09 02:55:42'),
(11, 3, '2020-07-18', NULL, NULL, NULL, NULL, NULL, NULL, 7, 0.25, NULL, NULL, NULL, '2021-07-09 02:56:10', '2021-07-09 02:56:10'),
(12, 3, '2020-07-25', NULL, NULL, NULL, NULL, NULL, NULL, 7.2, 0.5, NULL, NULL, NULL, '2021-07-09 02:56:49', '2021-07-09 02:56:49'),
(13, 3, '2020-08-22', NULL, NULL, NULL, NULL, NULL, NULL, 7.6, 1, NULL, NULL, NULL, '2021-07-09 03:05:08', '2021-07-09 03:05:08'),
(14, 3, '2020-08-31', NULL, NULL, NULL, NULL, NULL, NULL, 8, 1, NULL, NULL, NULL, '2021-07-09 03:05:58', '2021-07-09 03:05:58'),
(15, 3, '2020-09-12', NULL, NULL, NULL, NULL, NULL, NULL, 7.8, 0.5, NULL, NULL, NULL, '2021-07-09 21:59:13', '2021-07-09 21:59:13'),
(16, 3, '2020-09-05', NULL, NULL, NULL, NULL, NULL, NULL, 7.6, 0.5, NULL, NULL, NULL, '2021-07-09 21:59:47', '2021-07-09 21:59:47'),
(17, 3, '2020-09-19', NULL, NULL, NULL, NULL, NULL, NULL, 7.4, 0.5, NULL, NULL, NULL, '2021-07-09 22:00:20', '2021-07-09 22:00:20'),
(18, 3, '2020-09-26', NULL, NULL, NULL, NULL, NULL, NULL, 6.8, 0.5, NULL, NULL, NULL, '2021-07-09 22:01:04', '2021-07-09 22:01:04'),
(19, 3, '2020-10-03', NULL, NULL, NULL, NULL, NULL, NULL, 7.6, 0.5, NULL, NULL, NULL, '2021-07-09 22:01:41', '2021-07-09 22:01:41'),
(20, 3, '2020-10-10', NULL, NULL, NULL, NULL, NULL, NULL, 7.6, 0.5, NULL, NULL, NULL, '2021-07-09 22:02:07', '2021-07-24 05:43:34');

-- --------------------------------------------------------

--
-- Estructura de tabla para la tabla `calidad_siembra`
--

CREATE TABLE `calidad_siembra` (
  `id` int(11) NOT NULL,
  `id_calidad_parametros` int(11) NOT NULL,
  `id_siembra` int(11) NOT NULL,
  `created_at` timestamp NOT NULL DEFAULT current_timestamp(),
  `updated_at` timestamp NOT NULL DEFAULT current_timestamp()
) ENGINE=InnoDB DEFAULT CHARSET=utf8mb4;

-- --------------------------------------------------------

--
-- Estructura de tabla para la tabla `contenedores`
--

CREATE TABLE `contenedores` (
  `id` int(11) NOT NULL,
  `contenedor` varchar(350) COLLATE utf8mb4_spanish2_ci NOT NULL,
  `capacidad` double(10,2) NOT NULL,
  `estado` int(11) NOT NULL DEFAULT 1,
  `created_at` timestamp NOT NULL DEFAULT current_timestamp(),
  `updated_at` timestamp NOT NULL DEFAULT current_timestamp() ON UPDATE current_timestamp()
) ENGINE=InnoDB DEFAULT CHARSET=utf8mb4 COLLATE=utf8mb4_spanish2_ci;

--
-- Volcado de datos para la tabla `contenedores`
--

INSERT INTO `contenedores` (`id`, `contenedor`, `capacidad`, `estado`, `created_at`, `updated_at`) VALUES
(3, 'E10', 6888.00, 2, '2021-06-24 20:36:16', '2021-07-14 21:48:45'),
(6, 'E500', 1000.00, 2, '2021-08-08 06:09:14', '2021-08-08 06:09:57'),
(7, '13', 15000.00, 2, '2021-08-20 20:21:19', '2021-08-20 20:27:07');

-- --------------------------------------------------------

--
-- Estructura de tabla para la tabla `especies`
--

CREATE TABLE `especies` (
  `id` int(11) NOT NULL,
  `especie` varchar(350) COLLATE utf8mb4_spanish2_ci NOT NULL,
  `descripcion` text COLLATE utf8mb4_spanish2_ci NOT NULL,
  `created_at` timestamp NOT NULL DEFAULT current_timestamp(),
  `updated_at` timestamp NOT NULL DEFAULT current_timestamp() ON UPDATE current_timestamp()
) ENGINE=InnoDB DEFAULT CHARSET=utf8mb4 COLLATE=utf8mb4_spanish2_ci;

--
-- Volcado de datos para la tabla `especies`
--

INSERT INTO `especies` (`id`, `especie`, `descripcion`, `created_at`, `updated_at`) VALUES
(2, 'Cachama blanca', 'Piaractus brachypomus', '2021-06-24 20:41:00', '2021-06-24 20:41:00'),
(3, 'Tilapia roja', 'Oreochromis Sp', '2021-07-14 02:00:43', '2021-07-14 02:00:43'),
(4, 'Camarón', 'Litopenaeus vannamei', '2021-07-23 20:01:00', '2021-07-23 20:01:00'),
(5, 'sabalo amazo', 'amazoniaco', '2021-08-20 20:23:14', '2021-08-20 20:23:14');

-- --------------------------------------------------------

--
-- Estructura de tabla para la tabla `especies_siembra`
--

CREATE TABLE `especies_siembra` (
  `id` int(11) NOT NULL,
  `id_siembra` int(11) DEFAULT NULL,
  `lote` varchar(200) DEFAULT NULL,
  `id_especie` int(11) NOT NULL,
  `cantidad` double NOT NULL,
  `peso_inicial` double NOT NULL,
  `created_at` timestamp NOT NULL DEFAULT current_timestamp(),
  `updated_at` timestamp NOT NULL DEFAULT current_timestamp() ON UPDATE current_timestamp(),
  `cant_actual` double NOT NULL,
  `peso_actual` double NOT NULL
) ENGINE=InnoDB DEFAULT CHARSET=utf8mb4;

--
-- Volcado de datos para la tabla `especies_siembra`
--

INSERT INTO `especies_siembra` (`id`, `id_siembra`, `lote`, `id_especie`, `cantidad`, `peso_inicial`, `created_at`, `updated_at`, `cant_actual`, `peso_actual`) VALUES
(1, 3, '09-05-20', 2, 19300, 30, '2021-07-06 20:26:02', '2021-07-13 06:19:05', 500, 550),
(6, 6, 'E37', 2, 13500, 82, '2021-07-14 21:48:45', '2021-07-21 01:42:07', -2890.1960784317, 510),
(7, 6, 'E73', 3, 1500, 120, '2021-07-14 21:48:45', '2021-07-21 01:02:08', -178.78787878787, 330),
(8, 7, 'A1', 3, 7000, 0.33, '2021-07-23 20:02:35', '2021-07-23 22:02:09', 300, 300),
(9, 7, 'C1', 4, 2000, 0.2, '2021-07-23 20:02:35', '2021-07-23 22:02:10', -100, 20),
(10, 8, 'ta4', 3, 7500, 0.5, '2021-07-24 03:08:53', '2021-07-24 04:49:13', -2500, 20),
(11, 8, 'ct4', 4, 1500, 0.3, '2021-07-24 03:08:53', '2021-07-24 04:45:52', -251, 4),
(12, 9, 'FR4', 2, 1000, 1, '2021-07-24 05:14:17', '2021-07-24 05:14:46', 998, 30),
(13, 10, '1', 2, 2000, 1, '2021-08-08 06:09:57', '2021-08-08 06:11:03', 1796, 20),
(14, 11, 'e11', 5, 1000, 90, '2021-08-20 20:27:07', '2021-08-20 20:27:07', 1000, 90),
(15, 11, 'e13', 2, 600, 10, '2021-08-20 20:27:07', '2021-08-20 20:41:41', 100, 10),
(16, 11, 'e19', 3, 150, 90, '2021-08-20 20:27:07', '2021-08-20 20:27:07', 150, 90);

-- --------------------------------------------------------

--
-- Estructura de tabla para la tabla `failed_jobs`
--

CREATE TABLE `failed_jobs` (
  `id` bigint(20) UNSIGNED NOT NULL,
  `connection` text COLLATE utf8mb4_unicode_ci NOT NULL,
  `queue` text COLLATE utf8mb4_unicode_ci NOT NULL,
  `payload` longtext COLLATE utf8mb4_unicode_ci NOT NULL,
  `exception` longtext COLLATE utf8mb4_unicode_ci NOT NULL,
  `failed_at` timestamp NOT NULL DEFAULT current_timestamp()
) ENGINE=InnoDB DEFAULT CHARSET=utf8mb4 COLLATE=utf8mb4_unicode_ci;

-- --------------------------------------------------------

--
-- Estructura de tabla para la tabla `historial_costos_alimentos`
--

CREATE TABLE `historial_costos_alimentos` (
  `id` int(11) NOT NULL,
  `id_alimento` int(11) NOT NULL,
  `costo` double NOT NULL,
  `fecha_registro` date DEFAULT NULL,
  `created_at` timestamp NOT NULL DEFAULT current_timestamp(),
  `updated_at` timestamp NOT NULL DEFAULT current_timestamp()
) ENGINE=InnoDB DEFAULT CHARSET=utf8mb4;

--
-- Volcado de datos para la tabla `historial_costos_alimentos`
--

INSERT INTO `historial_costos_alimentos` (`id`, `id_alimento`, `costo`, `fecha_registro`, `created_at`, `updated_at`) VALUES
(1, 1, 4099.125, '2021-06-24', '2021-06-24 20:55:34', '2021-06-24 20:55:34'),
(2, 2, 4399.85, '2021-06-24', '2021-06-24 20:57:00', '2021-06-24 20:57:00'),
(3, 3, 4399.85, '2021-06-24', '2021-06-24 20:58:02', '2021-06-24 20:58:02'),
(4, 4, 2920, '2021-06-24', '2021-06-24 20:58:48', '2021-06-24 20:58:48'),
(5, 5, 2927.025, '2021-06-24', '2021-06-24 21:00:17', '2021-06-24 21:00:17'),
(6, 6, 2927.025, '2021-06-24', '2021-06-24 21:01:33', '2021-06-24 21:01:33'),
(7, 3, 4399.85, '2021-06-24', '2021-06-24 21:01:42', '2021-06-24 21:01:42'),
(8, 7, 2567.375, '2021-06-24', '2021-06-24 21:19:40', '2021-06-24 21:19:40'),
(9, 8, 2567.375, '2021-06-24', '2021-06-24 21:20:48', '2021-06-24 21:20:48'),
(10, 9, 2357.625, '2021-06-24', '2021-06-24 21:22:07', '2021-06-24 21:22:07'),
(11, 10, 3103.85, '2021-06-24', '2021-06-24 21:24:06', '2021-06-24 21:24:06'),
(12, 11, 2578.8, '2021-06-24', '2021-06-24 21:30:00', '2021-06-24 21:30:00'),
(13, 12, 2484.05, '2021-06-24', '2021-06-24 21:30:43', '2021-06-24 21:30:43'),
(14, 13, 2374.325, '2021-06-24', '2021-06-24 21:31:33', '2021-06-24 21:31:33'),
(15, 14, 2314.475, '2021-06-24', '2021-06-24 21:34:02', '2021-06-24 21:34:02'),
(16, 15, 2314.475, '2021-06-24', '2021-06-24 21:34:45', '2021-06-24 21:34:45'),
(17, 16, 2199.75, '2021-06-24', '2021-06-24 21:35:57', '2021-06-24 21:35:57'),
(18, 17, 2000, '2021-07-24', '2021-07-24 05:29:19', '2021-07-24 05:29:19'),
(19, 17, 2500, '2021-07-24', '2021-07-24 05:32:45', '2021-07-24 05:32:45');

-- --------------------------------------------------------

--
-- Estructura de tabla para la tabla `historial_costos_recursos`
--

CREATE TABLE `historial_costos_recursos` (
  `id` int(11) NOT NULL,
  `id_recurso` int(11) NOT NULL,
  `costo` double NOT NULL,
  `fecha_registro` date DEFAULT NULL,
  `created_at` timestamp NOT NULL DEFAULT current_timestamp(),
  `updated_at` timestamp NOT NULL DEFAULT current_timestamp()
) ENGINE=InnoDB DEFAULT CHARSET=utf8mb4;

--
-- Volcado de datos para la tabla `historial_costos_recursos`
--

INSERT INTO `historial_costos_recursos` (`id`, `id_recurso`, `costo`, `fecha_registro`, `created_at`, `updated_at`) VALUES
(10, 6, 375, '2021-06-25', '2021-06-25 22:11:51', '2021-06-25 22:11:51'),
(11, 7, 240, '2021-06-25', '2021-06-25 22:14:38', '2021-06-25 22:14:38'),
(12, 8, 95, '2021-06-25', '2021-06-25 22:15:14', '2021-06-25 22:15:14'),
(14, 5, 111, '2021-06-25', '2021-06-26 01:06:53', '2021-06-26 01:06:53'),
(15, 10, 300, '2021-06-25', '2021-06-26 01:30:14', '2021-06-26 01:30:14'),
(16, 11, 11.5, '2021-06-25', '2021-06-26 02:11:33', '2021-06-26 02:11:33'),
(17, 12, 7.64, '2021-06-28', '2021-06-29 01:34:40', '2021-06-29 01:34:40'),
(18, 13, 3.82, '2021-06-28', '2021-06-29 01:42:43', '2021-06-29 01:42:43'),
(19, 14, 63.1, '2021-06-28', '2021-06-29 02:22:49', '2021-06-29 02:22:49'),
(20, 15, 136.9, '2021-06-28', '2021-06-29 02:23:12', '2021-06-29 02:23:12'),
(21, 16, 34, '2021-06-28', '2021-06-29 02:23:30', '2021-06-29 02:23:30'),
(22, 17, 3381, '2021-07-08', '2021-07-08 22:03:50', '2021-07-08 22:03:50'),
(23, 18, 3204, '2021-07-08', '2021-07-08 22:04:14', '2021-07-08 22:04:14'),
(24, 19, 2852, '2021-07-08', '2021-07-08 22:04:46', '2021-07-08 22:04:46'),
(25, 20, 2583, '2021-07-08', '2021-07-08 22:05:09', '2021-07-08 22:05:09'),
(26, 21, 2473, '2021-07-08', '2021-07-08 22:05:27', '2021-07-08 22:05:27'),
(27, 22, 1250, '2021-07-23', '2021-07-23 23:23:45', '2021-07-23 23:23:45'),
(28, 22, 1300, '2021-07-23', '2021-07-23 23:27:21', '2021-07-23 23:27:21'),
(29, 22, 1350, '2021-07-23', '2021-07-23 23:29:40', '2021-07-23 23:29:40');

-- --------------------------------------------------------

--
-- Estructura de tabla para la tabla `migrations`
--

CREATE TABLE `migrations` (
  `id` int(10) UNSIGNED NOT NULL,
  `migration` varchar(191) COLLATE utf8mb4_unicode_ci NOT NULL,
  `batch` int(11) NOT NULL
) ENGINE=InnoDB DEFAULT CHARSET=utf8mb4 COLLATE=utf8mb4_unicode_ci;

--
-- Volcado de datos para la tabla `migrations`
--

INSERT INTO `migrations` (`id`, `migration`, `batch`) VALUES
(1, '2014_10_12_000000_create_users_table', 1),
(2, '2014_10_12_100000_create_password_resets_table', 1),
(3, '2019_08_19_000000_create_failed_jobs_table', 1);

-- --------------------------------------------------------

--
-- Estructura de tabla para la tabla `password_resets`
--

CREATE TABLE `password_resets` (
  `email` varchar(191) COLLATE utf8mb4_unicode_ci NOT NULL,
  `token` varchar(191) COLLATE utf8mb4_unicode_ci NOT NULL,
  `created_at` timestamp NULL DEFAULT NULL
) ENGINE=InnoDB DEFAULT CHARSET=utf8mb4 COLLATE=utf8mb4_unicode_ci;

-- --------------------------------------------------------

--
-- Estructura de tabla para la tabla `recursos`
--

CREATE TABLE `recursos` (
  `id` int(11) NOT NULL,
  `recurso` varchar(350) COLLATE utf8mb4_spanish2_ci NOT NULL,
  `unidad` varchar(250) COLLATE utf8mb4_spanish2_ci NOT NULL,
  `costo` double NOT NULL,
  `created_at` timestamp NOT NULL DEFAULT current_timestamp(),
  `updated_at` timestamp NOT NULL DEFAULT current_timestamp() ON UPDATE current_timestamp()
) ENGINE=InnoDB DEFAULT CHARSET=utf8mb4 COLLATE=utf8mb4_spanish2_ci;

--
-- Volcado de datos para la tabla `recursos`
--

INSERT INTO `recursos` (`id`, `recurso`, `unidad`, `costo`, `created_at`, `updated_at`) VALUES
(5, 'Minutos hombre', 'Minutos', 111, '2021-06-25 03:40:51', '2021-06-26 01:06:53'),
(6, 'Cal viva', 'Kg', 375, '2021-06-25 22:11:51', '2021-06-25 22:11:51'),
(7, 'Carbonato de calcio', 'Kg', 240, '2021-06-25 22:14:38', '2021-06-25 22:14:38'),
(8, 'Cal dolomita', 'Kg', 95, '2021-06-25 22:15:14', '2021-06-25 22:15:14'),
(10, 'Sal Industrial', 'Kg', 300, '2021-06-26 01:30:14', '2021-06-26 01:30:14'),
(11, 'Splash Brasilero 1.5 HP', 'Minutos', 11.5, '2021-06-26 02:11:33', '2021-06-26 02:11:33'),
(12, 'Splash Italiano 1 HP', 'Minutos', 7.64, '2021-06-29 01:34:39', '2021-06-29 01:34:39'),
(13, 'Blower 0.5 HP', 'Minutos', 3.82, '2021-06-29 01:42:43', '2021-06-29 01:42:43'),
(14, 'Probiótico Probiorganic', 'Litro', 63.1, '2021-06-29 02:22:49', '2021-06-29 02:22:49'),
(15, 'Probiótico Fresh Plus', 'Litro', 136.9, '2021-06-29 02:23:12', '2021-06-29 02:23:12'),
(16, 'Nucleótidos', 'Gramo', 34, '2021-06-29 02:23:30', '2021-06-29 02:23:30'),
(17, 'Cachama 1 a 30 g', 'Kg', 3381, '2021-07-08 22:03:50', '2021-07-08 22:03:50'),
(18, 'Cachama 31 a 60 g', 'Kg', 3204, '2021-07-08 22:04:14', '2021-07-08 22:04:14'),
(19, 'Cachama 61 a 90 g', 'Kg', 2852, '2021-07-08 22:04:46', '2021-07-08 22:04:46'),
(20, 'Cachama 91 a 120 g', 'Kg', 2583, '2021-07-08 22:05:09', '2021-07-08 22:05:09'),
(21, 'Cachama 121 a 150 g', 'Kg', 2473, '2021-07-08 22:05:27', '2021-07-08 22:05:27'),
(22, 'Magnesio', 'Kg', 1350, '2021-07-23 23:23:45', '2021-07-23 23:29:40');

-- --------------------------------------------------------

--
-- Estructura de tabla para la tabla `recursos_necesarios`
--

CREATE TABLE `recursos_necesarios` (
  `id` int(11) NOT NULL,
  `id_recurso` int(11) DEFAULT NULL,
  `id_alimento` int(11) DEFAULT NULL,
  `tipo_actividad` varchar(50) NOT NULL,
  `fecha_ra` date NOT NULL,
  `horas_hombre` double DEFAULT NULL,
  `minutos_hombre` double DEFAULT NULL,
  `cantidad_recurso` double DEFAULT NULL,
  `cant_manana` double DEFAULT NULL,
  `cant_tarde` double DEFAULT NULL,
  `conv_alimenticia` double DEFAULT NULL,
  `detalles` varchar(200) DEFAULT NULL,
  `created_at` timestamp NOT NULL DEFAULT current_timestamp() ON UPDATE current_timestamp(),
  `updated_at` timestamp NOT NULL DEFAULT current_timestamp()
) ENGINE=InnoDB DEFAULT CHARSET=utf8mb4;

--
-- Volcado de datos para la tabla `recursos_necesarios`
--

INSERT INTO `recursos_necesarios` (`id`, `id_recurso`, `id_alimento`, `tipo_actividad`, `fecha_ra`, `horas_hombre`, `minutos_hombre`, `cantidad_recurso`, `cant_manana`, `cant_tarde`, `conv_alimenticia`, `detalles`, `created_at`, `updated_at`) VALUES
(1, 3, NULL, '3', '2021-06-21', 0.16666666666667, 10, 100, NULL, NULL, NULL, NULL, '2021-06-22 03:09:03', '2021-06-22 03:09:03'),
(2, 1, NULL, '2', '2021-06-22', 0.25, 15, 5.3, NULL, NULL, NULL, 'ed', '2021-06-22 21:09:02', '2021-06-22 21:09:02'),
(3, 0, 12, '1', '2020-04-11', 0.16666666666667, 10, NULL, 60, 0, 1.35, NULL, '2021-06-24 21:42:07', '2021-06-24 21:42:07'),
(4, 0, 12, '1', '2020-04-14', 0.33333333333333, 20, NULL, 40, 40, 1.35, NULL, '2021-06-24 21:43:26', '2021-06-24 21:43:26'),
(5, 0, 12, '1', '2020-04-15', 0.16666666666667, 10, NULL, 40, 0, 1.35, NULL, '2021-06-24 21:43:54', '2021-06-24 21:43:54'),
(6, 0, 12, '1', '2020-04-16', 0.33333333333333, 20, NULL, 55, 15, 1.35, NULL, '2021-06-24 21:44:21', '2021-06-24 21:44:21'),
(7, 0, 12, '1', '2020-04-20', 0.16666666666667, 10, NULL, 15, 0, 1.35, NULL, '2021-06-24 21:44:41', '2021-06-24 21:44:41'),
(8, 0, 12, '1', '2020-04-21', 0.16666666666667, 10, NULL, 0, 25, 1.35, NULL, '2021-06-24 21:44:55', '2021-06-24 21:44:55'),
(9, 0, 13, '1', '2020-04-23', 0.33333333333333, 20, NULL, 30, 15, 1.35, NULL, '2021-06-24 23:58:53', '2021-06-24 23:58:53'),
(10, 0, 13, '1', '2020-04-24', 0.16666666666667, 10, NULL, 15, 0, 1.35, NULL, '2021-06-24 23:59:17', '2021-06-24 23:59:17'),
(11, 0, 13, '1', '2020-04-28', 0.33333333333333, 20, NULL, 35, 5, 1.35, NULL, '2021-06-24 23:59:36', '2021-06-24 23:59:36'),
(12, 0, 13, '1', '2020-04-30', 0.16666666666667, 10, NULL, 20, 0, 1.35, NULL, '2021-06-24 23:59:55', '2021-06-24 23:59:55'),
(13, 0, 13, '1', '2020-05-01', 0.16666666666667, 10, NULL, 0, 15, 1.35, NULL, '2021-06-25 00:00:17', '2021-06-25 00:00:17'),
(14, 0, 13, '1', '2020-05-06', 0.33333333333333, 20, NULL, 10, 5, 1.35, NULL, '2021-06-25 00:00:45', '2021-06-25 00:00:45'),
(16, 0, 13, '1', '2020-05-11', 0.16666666666667, 10, NULL, 7, 0, 1.35, NULL, '2021-06-25 00:05:17', '2021-06-25 00:05:17'),
(17, 0, 13, '1', '2020-05-12', 0.16666666666667, 10, NULL, 10, 0, 1.35, NULL, '2021-06-25 00:08:23', '2021-06-25 00:08:23'),
(18, 0, 13, '1', '2020-05-13', 0.16666666666667, 10, NULL, 10, 0, 1.35, NULL, '2021-06-25 00:08:35', '2021-06-25 00:08:35'),
(19, 0, 14, '1', '2020-05-15', 0.16666666666667, 10, NULL, 10, 0, 1.35, NULL, '2021-06-25 00:17:46', '2021-06-25 00:17:46'),
(20, 0, 14, '1', '2020-05-16', 0.16666666666667, 10, NULL, 3, 0, 1.35, NULL, '2021-06-25 00:17:57', '2021-06-25 00:17:57'),
(21, 0, 14, '1', '2020-05-18', 0.33333333333333, 20, NULL, 10, 15, 1.35, NULL, '2021-06-25 00:18:12', '2021-06-25 00:18:12'),
(22, 0, 14, '1', '2020-05-19', 0.33333333333333, 20, NULL, 10, 15, 1.35, NULL, '2021-06-25 00:18:40', '2021-06-25 00:18:40'),
(23, 0, 14, '1', '2020-05-20', 0.33333333333333, 20, NULL, 10, 25, 1.35, NULL, '2021-06-25 00:18:54', '2021-06-25 00:18:54'),
(24, 0, 14, '1', '2020-05-21', 0.33333333333333, 20, NULL, 20, 25, 1.35, NULL, '2021-06-25 00:33:00', '2021-06-25 00:33:00'),
(25, 0, 14, '1', '2020-05-22', 0.33333333333333, 20, NULL, 30, 15, 1.35, NULL, '2021-06-25 00:33:18', '2021-06-25 00:33:18'),
(26, 0, 14, '1', '2020-05-23', 0.33333333333333, 20, NULL, 30, 15, 1.35, NULL, '2021-06-25 00:33:35', '2021-06-25 00:33:35'),
(27, 0, 14, '1', '2020-05-25', 0.33333333333333, 20, NULL, 30, 20, 1.35, NULL, '2021-06-25 00:33:47', '2021-06-25 00:33:47'),
(28, 0, 14, '1', '2020-05-26', 0.16666666666667, 10, NULL, 0, 15, 1.35, NULL, '2021-06-25 00:34:05', '2021-06-25 00:34:05'),
(29, 0, 14, '1', '2020-05-27', 0.16666666666667, 10, NULL, 0, 15, 1.35, NULL, '2021-06-25 00:34:49', '2021-06-25 00:34:49'),
(30, 0, 14, '1', '2020-05-28', 0.33333333333333, 20, NULL, 30, 30, 1.35, NULL, '2021-06-25 00:35:08', '2021-06-25 00:35:08'),
(31, 0, 14, '1', '2020-05-29', 0.33333333333333, 20, NULL, 30, 30, 1.35, NULL, '2021-06-25 00:35:15', '2021-06-25 00:35:15'),
(32, 0, 14, '1', '2020-05-30', 0.16666666666667, 10, NULL, 25, 0, 1.35, NULL, '2021-06-25 00:35:29', '2021-06-25 00:35:29'),
(33, 0, 14, '1', '2020-05-31', 0.16666666666667, 10, NULL, 20, 0, 1.35, NULL, '2021-06-25 00:35:45', '2021-06-25 00:35:45'),
(34, 0, 14, '1', '2020-06-01', 0.33333333333333, 20, NULL, 60, 20, 1.35, NULL, '2021-06-25 00:36:06', '2021-06-25 00:36:06'),
(35, 0, 14, '1', '2020-06-02', 0.33333333333333, 20, NULL, 60, 25, 1.35, NULL, '2021-06-25 00:36:23', '2021-06-25 00:36:23'),
(36, 0, 14, '1', '2020-06-03', 0.16666666666667, 10, NULL, 0, 20, 1.35, NULL, '2021-06-25 00:36:37', '2021-06-25 00:36:37'),
(37, 0, 14, '1', '2020-06-04', 0.33333333333333, 20, NULL, 55, 40, 1.35, NULL, '2021-06-25 00:36:52', '2021-06-25 00:36:52'),
(38, 0, 14, '1', '2020-06-05', 0.16666666666667, 10, NULL, 0, 50, 1.35, NULL, '2021-06-25 00:38:42', '2021-06-25 00:38:42'),
(39, 0, 14, '1', '2020-06-06', 0.33333333333333, 20, NULL, 30, 30, 1.35, NULL, '2021-06-25 00:38:58', '2021-06-25 00:38:58'),
(40, 0, 14, '1', '2020-06-07', 0.16666666666667, 10, NULL, 0, 60, 1.35, NULL, '2021-06-25 00:39:12', '2021-06-25 00:39:12'),
(41, 0, 14, '1', '2020-06-08', 0.33333333333333, 20, NULL, 60, 30, 1.35, NULL, '2021-06-25 00:39:51', '2021-06-25 00:39:51'),
(42, 0, 15, '1', '2020-06-09', 0.33333333333333, 20, NULL, 60, 25, 1.35, NULL, '2021-06-25 00:46:38', '2021-06-25 00:46:38'),
(43, 0, 15, '1', '2020-06-10', 0.16666666666667, 10, NULL, 60, 0, 1.35, NULL, '2021-06-25 00:46:49', '2021-06-25 00:46:49'),
(44, 0, 15, '1', '2020-06-11', 0.33333333333333, 20, NULL, 60, 30, 1.35, NULL, '2021-06-25 00:47:06', '2021-06-25 00:47:06'),
(45, 0, 15, '1', '2020-06-12', 0.16666666666667, 10, NULL, 0, 35, 1.35, NULL, '2021-06-25 00:47:28', '2021-06-25 00:47:28'),
(46, 0, 15, '1', '2020-06-13', 0.33333333333333, 20, NULL, 60, 10, 1.35, NULL, '2021-06-25 00:48:18', '2021-06-25 00:48:18'),
(47, 0, 15, '1', '2020-06-14', 0.16666666666667, 10, NULL, 0, 80, 1.35, NULL, '2021-06-25 00:48:31', '2021-06-25 00:48:31'),
(48, 0, 15, '1', '2020-06-15', 0.33333333333333, 20, NULL, 35, 40, 1.35, NULL, '2021-06-25 00:48:46', '2021-06-25 00:48:46'),
(49, 0, 15, '1', '2020-06-16', 0.16666666666667, 10, NULL, 0, 60, 1.35, NULL, '2021-06-25 00:49:05', '2021-06-25 00:49:05'),
(50, 0, 15, '1', '2020-06-17', 0.16666666666667, 10, NULL, 0, 4, 1.35, NULL, '2021-06-25 00:49:18', '2021-06-25 00:49:18'),
(51, 0, 15, '1', '2020-06-18', 0.33333333333333, 20, NULL, 60, 50, 1.35, NULL, '2021-06-25 00:49:32', '2021-06-25 00:49:32'),
(52, 0, 15, '1', '2020-06-19', 0.33333333333333, 20, NULL, 60, 50, 1.35, NULL, '2021-06-25 00:51:00', '2021-06-25 00:51:00'),
(53, 0, 15, '1', '2020-06-20', 0.33333333333333, 20, NULL, 70, 50, 1.35, NULL, '2021-06-25 00:51:16', '2021-06-25 00:51:16'),
(54, 0, 15, '1', '2020-06-21', 0.16666666666667, 10, NULL, 75, 0, 1.35, NULL, '2021-06-25 00:51:29', '2021-06-25 00:51:29'),
(55, 0, 15, '1', '2020-06-22', 0.16666666666667, 10, NULL, 80, 40, 1.35, NULL, '2021-06-25 00:52:21', '2021-06-25 00:52:21'),
(56, 0, 15, '1', '2020-06-23', 0.33333333333333, 20, NULL, 80, 40, 1.35, NULL, '2021-06-25 00:52:59', '2021-06-25 00:52:59'),
(57, 0, 15, '1', '2020-06-25', 0.33333333333333, 20, NULL, 70, 40, 1.35, NULL, '2021-06-25 00:53:15', '2021-06-25 00:53:15'),
(58, 0, 15, '1', '2020-06-26', 0.33333333333333, 20, NULL, 80, 40, 1.35, NULL, '2021-06-25 00:53:26', '2021-06-25 00:53:26'),
(59, 0, 15, '1', '2020-06-27', 0.16666666666667, 10, NULL, 0, 70, 1.35, NULL, '2021-06-25 00:53:40', '2021-06-25 00:53:40'),
(60, 0, 15, '1', '2020-06-28', 0.16666666666667, 10, NULL, 80, 0, 1.35, NULL, '2021-06-25 00:54:09', '2021-06-25 00:54:09'),
(61, 0, 15, '1', '2020-06-29', 0.33333333333333, 20, NULL, 80, 40, 1.35, NULL, '2021-06-25 00:54:22', '2021-06-25 00:54:22'),
(62, 0, 15, '1', '2020-06-30', 0.33333333333333, 20, NULL, 100, 40, 1.35, NULL, '2021-06-25 01:00:25', '2021-06-25 01:00:25'),
(63, 0, 15, '1', '2020-07-01', 0.33333333333333, 20, NULL, 70, 40, 1.35, NULL, '2021-06-25 01:00:39', '2021-06-25 01:00:39'),
(64, 0, 15, '1', '2020-07-02', 0.33333333333333, 20, NULL, 90, 40, 1.35, NULL, '2021-06-25 01:00:49', '2021-06-25 01:00:49'),
(65, 0, 15, '1', '2020-07-03', 0.33333333333333, 20, NULL, 70, 40, 1.35, NULL, '2021-06-25 01:01:01', '2021-06-25 01:01:01'),
(66, 0, 15, '1', '2020-07-04', 0.33333333333333, 20, NULL, 0, 40, 1.35, NULL, '2021-06-25 01:01:11', '2021-06-25 01:01:11'),
(67, 0, 15, '1', '2020-07-06', 0.33333333333333, 20, NULL, 80, 50, 1.35, NULL, '2021-06-25 01:01:23', '2021-06-25 01:01:23'),
(68, 0, 15, '1', '2020-07-07', 0.33333333333333, 20, NULL, 110, 0, 1.35, NULL, '2021-06-25 01:01:42', '2021-06-25 01:01:42'),
(69, 0, 15, '1', '2020-07-08', 0.33333333333333, 20, NULL, 100, 40, 1.35, NULL, '2021-06-25 01:01:53', '2021-06-25 01:01:53'),
(70, 0, 15, '1', '2020-07-09', 0.33333333333333, 20, NULL, 100, 40, 1.35, NULL, '2021-06-25 01:02:04', '2021-06-25 01:02:04'),
(71, 0, 15, '1', '2020-07-10', 0.33333333333333, 20, NULL, 80, 20, 1.35, NULL, '2021-06-25 01:02:12', '2021-06-25 01:02:12'),
(72, 0, 15, '1', '2020-07-11', 0.33333333333333, 20, NULL, 80, 50, 1.35, NULL, '2021-06-25 01:02:24', '2021-06-25 01:02:24'),
(73, 0, 15, '1', '2020-07-13', 0.33333333333333, 20, NULL, 50, 80, 1.35, NULL, '2021-06-25 01:02:41', '2021-06-25 01:02:41'),
(74, 0, 15, '1', '2020-07-14', 0.33333333333333, 20, NULL, 0, 40, 1.35, NULL, '2021-06-25 01:02:54', '2021-06-25 01:02:54'),
(75, 0, 15, '1', '2020-07-15', 0.33333333333333, 20, NULL, 40, 70, 1.35, NULL, '2021-06-25 01:03:21', '2021-06-25 01:03:21'),
(76, 0, 15, '1', '2020-07-16', 0.33333333333333, 20, NULL, 100, 40, 1.35, NULL, '2021-06-25 01:05:05', '2021-06-25 01:05:05'),
(77, 0, 15, '1', '2020-07-17', 0.16666666666667, 10, NULL, 0, 60, 1.35, NULL, '2021-06-25 01:06:24', '2021-06-25 01:06:24'),
(78, 0, 15, '1', '2020-07-18', 0.33333333333333, 20, NULL, 100, 40, 1.35, NULL, '2021-06-25 01:06:35', '2021-06-25 01:06:35'),
(79, 0, 15, '1', '2020-07-20', 0.33333333333333, 20, NULL, 100, 40, 1.35, NULL, '2021-06-25 01:07:06', '2021-06-25 01:07:06'),
(80, 0, 15, '1', '2020-07-21', 0.33333333333333, 20, NULL, 100, 50, 1.35, NULL, '2021-06-25 01:07:19', '2021-06-25 01:07:19'),
(81, 0, 15, '1', '2020-07-22', 0.33333333333333, 20, NULL, 100, 50, 1.35, NULL, '2021-06-25 01:07:32', '2021-06-25 01:07:32'),
(82, 0, 15, '1', '2020-07-23', 0.33333333333333, 20, NULL, 100, 50, 1.35, NULL, '2021-06-25 01:07:42', '2021-06-25 01:07:42'),
(83, 0, 15, '1', '2020-07-24', 0.33333333333333, 20, NULL, 100, 50, 1.35, NULL, '2021-06-25 01:07:58', '2021-06-25 01:07:58'),
(84, 0, 15, '1', '2020-07-25', 0.16666666666667, 10, NULL, 0, 40, 1.35, NULL, '2021-06-25 01:08:16', '2021-06-25 01:08:16'),
(85, 0, 15, '1', '2020-07-26', 0.16666666666667, 10, NULL, 0, 50, 1.35, NULL, '2021-06-25 01:08:28', '2021-06-25 01:08:28'),
(86, 0, 15, '1', '2020-07-27', 0.33333333333333, 20, NULL, 90, 50, 1.35, NULL, '2021-06-25 01:08:42', '2021-06-25 01:08:42'),
(87, 0, 15, '1', '2020-07-28', 0.33333333333333, 20, NULL, 100, 50, 1.35, NULL, '2021-06-25 01:08:53', '2021-06-25 01:08:53'),
(88, 0, 15, '1', '2020-07-29', 0.33333333333333, 20, NULL, 100, 50, 1.35, NULL, '2021-06-25 01:09:04', '2021-06-25 01:09:04'),
(89, 0, 15, '1', '2020-07-30', 0.33333333333333, 20, NULL, 90, 50, 1.35, NULL, '2021-06-25 01:09:12', '2021-06-25 01:09:12'),
(90, 0, 15, '1', '2020-07-31', 0.33333333333333, 20, NULL, 100, 40, 1.35, NULL, '2021-06-25 01:09:23', '2021-06-25 01:09:23'),
(91, 0, 15, '1', '2020-08-01', 0.33333333333333, 20, NULL, 40, 50, 1.35, NULL, '2021-06-25 01:09:40', '2021-06-25 01:09:40'),
(92, 0, 15, '1', '2020-08-02', 0.16666666666667, 10, NULL, 0, 60, 1.35, NULL, '2021-06-25 01:24:14', '2021-06-25 01:24:14'),
(93, 0, 15, '1', '2020-08-03', 0.33333333333333, 20, NULL, 90, 50, 1.35, NULL, '2021-06-25 01:24:28', '2021-06-25 01:24:28'),
(94, 0, 15, '1', '2020-08-04', 0.33333333333333, 20, NULL, 100, 10, 1.35, NULL, '2021-06-25 01:24:39', '2021-06-25 01:24:39'),
(95, 0, 15, '1', '2020-08-05', 0.16666666666667, 10, NULL, 50, 0, 1.35, NULL, '2021-06-25 01:25:34', '2021-06-25 01:25:34'),
(96, 0, 15, '1', '2020-08-06', 0.33333333333333, 20, NULL, 100, 15, 1.35, NULL, '2021-06-25 01:25:47', '2021-06-25 01:25:47'),
(97, 0, 15, '1', '2020-08-07', 0.16666666666667, 10, NULL, 0, 5, 1.35, NULL, '2021-06-25 01:25:56', '2021-06-25 01:25:56'),
(98, 0, 15, '1', '2020-08-09', 0.16666666666667, 10, NULL, 20, 0, 1.35, NULL, '2021-06-25 01:26:35', '2021-06-25 01:26:35'),
(99, 0, 15, '1', '2020-08-10', 0.33333333333333, 20, NULL, 100, 40, 1.35, NULL, '2021-06-25 01:27:22', '2021-06-25 01:27:22'),
(100, 0, 15, '1', '2020-08-11', 0.33333333333333, 20, NULL, 80, 40, 1.35, NULL, '2021-06-25 01:27:37', '2021-06-25 01:27:37'),
(101, 0, 15, '1', '2020-08-12', 0.33333333333333, 20, NULL, 100, 10, 1.35, NULL, '2021-06-25 01:27:47', '2021-06-25 01:27:47'),
(102, 0, 15, '1', '2020-08-13', 0.33333333333333, 20, NULL, 55, 15, 1.35, NULL, '2021-06-25 01:27:58', '2021-06-25 01:27:58'),
(103, 0, 15, '1', '2020-08-14', 0.33333333333333, 20, NULL, 55, 15, 1.35, NULL, '2021-06-25 01:28:05', '2021-06-25 01:28:05'),
(104, 0, 15, '1', '2020-08-15', 0.16666666666667, 10, NULL, 0, 55, 1.35, NULL, '2021-06-25 01:28:16', '2021-06-25 01:28:16'),
(105, 0, 15, '1', '2020-08-16', 0.16666666666667, 10, NULL, 0, 40, 1.35, NULL, '2021-06-25 01:28:27', '2021-06-25 01:28:27'),
(106, 0, 15, '1', '2020-08-17', 0.33333333333333, 20, NULL, 100, 40, 1.35, NULL, '2021-06-25 01:28:42', '2021-06-25 01:28:42'),
(107, 0, 15, '1', '2020-08-18', 0.33333333333333, 20, NULL, 100, 40, 1.35, NULL, '2021-06-25 01:29:14', '2021-06-25 01:29:14'),
(108, 0, 15, '1', '2020-08-19', 0.33333333333333, 20, NULL, 90, 40, 1.35, NULL, '2021-06-25 01:29:25', '2021-06-25 01:29:25'),
(109, 0, 15, '1', '2020-08-21', 0.16666666666667, 10, NULL, 0, 40, 1.35, NULL, '2021-06-25 01:29:45', '2021-06-25 01:29:45'),
(110, 0, 15, '1', '2020-08-22', 0.16666666666667, 10, NULL, 100, 0, 1.35, NULL, '2021-06-25 01:29:55', '2021-06-25 01:29:55'),
(111, 0, 15, '1', '2020-08-23', 0.16666666666667, 10, NULL, 40, 0, 1.35, NULL, '2021-06-25 01:30:06', '2021-06-25 01:30:06'),
(112, 0, 15, '1', '2020-08-24', 0.33333333333333, 20, NULL, 80, 40, 1.35, NULL, '2021-06-25 01:30:24', '2021-06-25 01:30:24'),
(113, 0, 15, '1', '2020-08-25', 0.33333333333333, 20, NULL, 100, 40, 1.35, NULL, '2021-06-25 01:30:33', '2021-06-25 01:30:33'),
(114, 0, 15, '1', '2020-08-26', 0.33333333333333, 20, NULL, 80, 35, 1.35, NULL, '2021-06-25 01:30:44', '2021-06-25 01:30:44'),
(115, 0, 15, '1', '2020-08-27', 0.33333333333333, 20, NULL, 50, 15, 1.35, NULL, '2021-06-25 01:31:04', '2021-06-25 01:31:04'),
(116, 0, 15, '1', '2020-08-30', 0.16666666666667, 10, NULL, 10, 0, 1.35, NULL, '2021-06-25 01:33:26', '2021-06-25 01:33:26'),
(117, 0, 15, '1', '2020-08-31', 0.16666666666667, 10, NULL, 0, 40, 1.35, NULL, '2021-06-25 01:33:40', '2021-06-25 01:33:40'),
(118, 0, 15, '1', '2020-09-02', 0.33333333333333, 20, NULL, 80, 40, 1.35, NULL, '2021-06-25 01:33:57', '2021-06-25 01:33:57'),
(119, 0, 15, '1', '2020-09-03', 0.33333333333333, 20, NULL, 80, 40, 1.35, NULL, '2021-06-25 01:34:19', '2021-06-25 01:34:19'),
(120, 0, 15, '1', '2020-09-04', 0.33333333333333, 20, NULL, 80, 30, 1.35, NULL, '2021-06-25 01:34:28', '2021-06-25 01:34:28'),
(121, 0, 15, '1', '2020-09-05', 0.33333333333333, 20, NULL, 80, 30, 1.35, NULL, '2021-06-25 01:34:37', '2021-06-25 01:34:37'),
(122, 0, 15, '1', '2020-09-06', 0.16666666666667, 10, NULL, 0, 50, 1.35, NULL, '2021-06-25 01:34:48', '2021-06-25 01:34:48'),
(123, 0, 15, '1', '2020-09-07', 0.33333333333333, 20, NULL, 60, 40, 1.35, NULL, '2021-06-25 01:35:13', '2021-06-25 01:35:13'),
(124, 0, 15, '1', '2020-09-08', 0.33333333333333, 20, NULL, 110, 25, 1.35, NULL, '2021-06-25 01:35:32', '2021-06-25 01:35:32'),
(125, 0, 15, '1', '2020-09-09', 0.33333333333333, 20, NULL, 70, 40, 1.35, NULL, '2021-06-25 01:35:44', '2021-06-25 01:35:44'),
(126, 0, 15, '1', '2020-09-11', 0.33333333333333, 20, NULL, 15, 55, 1.35, NULL, '2021-06-24 20:37:02', '2021-06-25 01:37:02'),
(127, 0, 15, '1', '2020-09-12', 0.33333333333333, 20, NULL, 70, 55, 1.35, NULL, '2021-06-25 01:42:24', '2021-06-25 01:42:24'),
(128, 0, 15, '1', '2020-09-13', 0.16666666666667, 10, NULL, 40, 0, 1.35, NULL, '2021-06-25 01:42:36', '2021-06-25 01:42:36'),
(129, 0, 15, '1', '2020-09-14', 0.33333333333333, 20, NULL, 70, 50, 1.35, NULL, '2021-06-25 01:42:53', '2021-06-25 01:42:53'),
(130, 0, 15, '1', '2020-09-15', 0.33333333333333, 20, NULL, 70, 40, 1.35, NULL, '2021-06-25 01:43:04', '2021-06-25 01:43:04'),
(131, 0, 15, '1', '2020-09-16', 0.16666666666667, 10, NULL, 60, 0, 1.35, NULL, '2021-06-25 01:43:18', '2021-06-25 01:43:18'),
(132, 0, 15, '1', '2020-09-17', 0.33333333333333, 20, NULL, 40, 80, 1.35, NULL, '2021-06-25 01:43:31', '2021-06-25 01:43:31'),
(133, 0, 15, '1', '2020-09-18', 0.33333333333333, 20, NULL, 90, 40, 1.35, NULL, '2021-06-25 01:43:46', '2021-06-25 01:43:46'),
(134, 0, 15, '1', '2020-09-19', 0.16666666666667, 10, NULL, 0, 40, 1.35, NULL, '2021-06-25 01:44:05', '2021-06-25 01:44:05'),
(135, 0, 15, '1', '2020-09-21', 0.33333333333333, 20, NULL, 80, 30, 1.35, NULL, '2021-06-25 01:44:21', '2021-06-25 01:44:21'),
(136, 0, 15, '1', '2020-09-22', 0.33333333333333, 20, NULL, 50, 80, 1.35, NULL, '2021-06-25 01:44:34', '2021-06-25 01:44:34'),
(137, 0, 15, '1', '2020-09-23', 0.16666666666667, 10, NULL, 0, 50, 1.35, NULL, '2021-06-25 01:44:56', '2021-06-25 01:44:56'),
(138, 0, 15, '1', '2020-09-24', 0.16666666666667, 10, NULL, 50, 0, 1.35, NULL, '2021-06-25 01:45:05', '2021-06-25 01:45:05'),
(139, 0, 15, '1', '2020-09-25', 0.33333333333333, 20, NULL, 70, 40, 1.35, NULL, '2021-06-25 01:45:18', '2021-06-25 01:45:18'),
(140, 0, 15, '1', '2020-09-28', 0.33333333333333, 20, NULL, 70, 40, 1.35, NULL, '2021-06-25 01:45:32', '2021-06-25 01:45:32'),
(141, 0, 15, '1', '2020-09-29', 0.16666666666667, 10, NULL, 0, 40, 1.35, NULL, '2021-06-25 01:45:44', '2021-06-25 01:45:44'),
(142, 0, 15, '1', '2020-09-30', 0.33333333333333, 20, NULL, 90, 40, 1.35, NULL, '2021-06-25 01:46:15', '2021-06-25 01:46:15'),
(143, 0, 15, '1', '2020-10-01', 0.33333333333333, 20, NULL, 30, 40, 1.35, NULL, '2021-06-25 01:46:29', '2021-06-25 01:46:29'),
(144, 0, 15, '1', '2020-10-02', 0.33333333333333, 20, NULL, 70, 40, 1.35, NULL, '2021-06-25 15:01:50', '2021-06-25 20:01:50'),
(145, 0, 12, '1', '2020-04-11', 0.16666666666667, 10, NULL, 60, 0, 1.35, NULL, '2021-06-25 02:52:41', '2021-06-25 02:52:41'),
(146, 0, 12, '1', '2020-04-11', 0.16666666666667, 10, NULL, 60, 0, 1.35, NULL, '2021-06-25 02:52:55', '2021-06-25 02:52:55'),
(147, 0, 12, '1', '2020-05-11', 0.16666666666667, 10, NULL, 0, 11, 1.35, NULL, '2021-06-25 03:00:14', '2021-06-25 03:00:14'),
(148, 0, 12, '1', '2020-05-11', 0.16666666666667, 10, NULL, 0, 11, 1.35, NULL, '2021-06-25 03:00:49', '2021-06-25 03:00:49'),
(149, 0, 12, '1', '2020-05-11', 0.16666666666667, 10, NULL, 0, 11, 1.35, NULL, '2021-06-25 03:00:53', '2021-06-25 03:00:53'),
(150, 0, 12, '1', '2020-05-11', 0.16666666666667, 10, NULL, 0, 11, 1.35, NULL, '2021-06-25 03:00:55', '2021-06-25 03:00:55'),
(151, 0, 13, '1', '2020-05-11', 0.16666666666667, 10, NULL, 0, 11, 1.35, NULL, '2021-06-25 03:02:11', '2021-06-25 03:02:11'),
(152, 0, 12, '1', '2020-05-11', 0.16666666666667, 10, NULL, 0, 11, 1.35, NULL, '2021-06-25 03:36:01', '2021-06-25 03:36:01'),
(154, 18, NULL, '8', '2020-05-09', 12, 720, 19500, NULL, NULL, NULL, NULL, '2021-07-09 01:25:25', '2021-07-09 01:25:25'),
(155, 18, NULL, '8', '2020-05-09', 12, 720, 585, NULL, NULL, NULL, NULL, '2021-07-08 20:27:15', '2021-07-09 01:27:15'),
(156, 11, NULL, '12', '2020-06-29', 0.33333333333333, 20, 150, NULL, NULL, NULL, NULL, '2021-07-09 02:07:13', '2021-07-09 02:07:13'),
(157, 11, NULL, '12', '2020-06-29', 0.33333333333333, 20, 150, NULL, NULL, NULL, NULL, '2021-07-09 02:07:20', '2021-07-09 02:07:20'),
(158, 11, NULL, '12', '2020-06-29', 0.33333333333333, 20, 150, NULL, NULL, NULL, NULL, '2021-07-09 02:07:21', '2021-07-09 02:07:21'),
(159, 11, NULL, '12', '2020-06-29', 0.33333333333333, 20, 150, NULL, NULL, NULL, NULL, '2021-07-09 02:07:21', '2021-07-09 02:07:21'),
(160, 11, NULL, '12', '2020-06-29', 0.33333333333333, 20, 150, NULL, NULL, NULL, NULL, '2021-07-09 02:07:21', '2021-07-09 02:07:21'),
(161, 11, NULL, '12', '2020-06-29', 0.33333333333333, 20, 150, NULL, NULL, NULL, NULL, '2021-07-09 02:07:22', '2021-07-09 02:07:22'),
(162, 11, NULL, '12', '2020-06-29', 0.33333333333333, 20, 150, NULL, NULL, NULL, NULL, '2021-07-09 02:11:26', '2021-07-09 02:11:26'),
(163, 11, NULL, '12', '2020-06-29', 0.33333333333333, 20, 150, NULL, NULL, NULL, NULL, '2021-07-09 02:11:26', '2021-07-09 02:11:26'),
(164, 11, NULL, '12', '2020-06-29', 0.33333333333333, 20, 150, NULL, NULL, NULL, NULL, '2021-07-09 02:11:27', '2021-07-09 02:11:27'),
(165, 11, NULL, '12', '2020-06-29', 0.33333333333333, 20, 150, NULL, NULL, NULL, NULL, '2021-07-09 02:11:34', '2021-07-09 02:11:34'),
(166, 11, NULL, '12', '2020-06-29', 0.33333333333333, 20, 150, NULL, NULL, NULL, NULL, '2021-07-09 02:11:35', '2021-07-09 02:11:35'),
(167, 11, NULL, '12', '2020-06-29', 0.33333333333333, 20, 150, NULL, NULL, NULL, NULL, '2021-07-09 02:18:11', '2021-07-09 02:18:11'),
(168, 11, NULL, '12', '2020-06-29', 0.33333333333333, 20, 150, NULL, NULL, NULL, NULL, '2021-07-09 02:18:11', '2021-07-09 02:18:11'),
(169, 11, NULL, '12', '2020-06-29', 0.33333333333333, 20, 150, NULL, NULL, NULL, NULL, '2021-07-09 02:18:11', '2021-07-09 02:18:11'),
(170, 11, NULL, '12', '2020-06-29', 0.33333333333333, 20, 150, NULL, NULL, NULL, NULL, '2021-07-09 02:18:27', '2021-07-09 02:18:27'),
(171, 11, NULL, '12', '2020-06-29', 0.33333333333333, 20, 150, NULL, NULL, NULL, NULL, '2021-07-09 02:18:28', '2021-07-09 02:18:28'),
(172, 11, NULL, '12', '2020-06-29', 0.33333333333333, 20, 150, NULL, NULL, NULL, NULL, '2021-07-09 02:18:28', '2021-07-09 02:18:28'),
(173, 11, NULL, '12', '2020-06-29', 0.33333333333333, 20, 150, NULL, NULL, NULL, NULL, '2021-07-09 02:18:39', '2021-07-09 02:18:39'),
(174, 11, NULL, '12', '2020-06-29', 0.33333333333333, 20, 150, NULL, NULL, NULL, NULL, '2021-07-09 02:18:40', '2021-07-09 02:18:40'),
(175, 11, NULL, '12', '2020-06-29', 0.33333333333333, 20, 150, NULL, NULL, NULL, NULL, '2021-07-09 02:19:06', '2021-07-09 02:19:06'),
(176, 11, NULL, '12', '2020-06-29', 0.33333333333333, 20, 150, NULL, NULL, NULL, NULL, '2021-07-09 02:20:04', '2021-07-09 02:20:04'),
(177, 11, NULL, '12', '2020-06-29', 0.33333333333333, 20, 150, NULL, NULL, NULL, NULL, '2021-07-09 02:20:04', '2021-07-09 02:20:04'),
(178, 11, NULL, '12', '2020-06-29', 0.33333333333333, 20, 150, NULL, NULL, NULL, NULL, '2021-07-09 02:20:04', '2021-07-09 02:20:04'),
(179, 11, NULL, '12', '2020-06-29', 0.33333333333333, 20, 150, NULL, NULL, NULL, NULL, '2021-07-09 02:20:05', '2021-07-09 02:20:05'),
(180, 11, NULL, '12', '2020-06-29', 0.33333333333333, 20, 150, NULL, NULL, NULL, NULL, '2021-07-09 02:20:05', '2021-07-09 02:20:05'),
(181, 11, NULL, '12', '2020-06-29', 0.33333333333333, 20, 150, NULL, NULL, NULL, NULL, '2021-07-09 02:20:05', '2021-07-09 02:20:05'),
(182, 11, NULL, '12', '2020-06-29', 0.33333333333333, 20, 150, NULL, NULL, NULL, NULL, '2021-07-09 02:20:17', '2021-07-09 02:20:17'),
(183, 11, NULL, '12', '2020-06-29', 0.33333333333333, 20, 150, NULL, NULL, NULL, NULL, '2021-07-09 02:20:17', '2021-07-09 02:20:17'),
(184, 11, NULL, '12', '2020-06-29', 0.33333333333333, 20, 150, NULL, NULL, NULL, NULL, '2021-07-09 02:20:18', '2021-07-09 02:20:18'),
(185, 11, NULL, '12', '2020-06-29', 0.33333333333333, 20, 150, NULL, NULL, NULL, NULL, '2021-07-09 02:20:18', '2021-07-09 02:20:18'),
(186, 6, NULL, '10', '2020-05-16', 0.5, 30, 80, NULL, NULL, NULL, 'Arley', '2021-07-09 02:23:02', '2021-07-09 02:23:02'),
(187, 11, NULL, '12', '2020-06-29', 0.33333333333333, 20, 150, NULL, NULL, NULL, NULL, '2021-07-09 02:23:35', '2021-07-09 02:23:35'),
(188, 11, NULL, '12', '2020-06-29', 0.33333333333333, 20, 150, NULL, NULL, NULL, NULL, '2021-07-09 02:23:35', '2021-07-09 02:23:35'),
(189, 11, NULL, '12', '2020-06-29', 0.33333333333333, 20, 150, NULL, NULL, NULL, NULL, '2021-07-09 02:23:36', '2021-07-09 02:23:36'),
(190, 11, NULL, '12', '2020-06-29', 0.33333333333333, 20, 150, NULL, NULL, NULL, NULL, '2021-07-09 02:25:25', '2021-07-09 02:25:25'),
(191, 11, NULL, '12', '2020-06-29', 0.33333333333333, 20, 150, NULL, NULL, NULL, NULL, '2021-07-09 02:25:25', '2021-07-09 02:25:25'),
(192, 11, NULL, '12', '2020-06-29', 0.33333333333333, 20, 150, NULL, NULL, NULL, NULL, '2021-07-09 02:25:25', '2021-07-09 02:25:25'),
(193, 11, NULL, '12', '2020-06-29', 0.33333333333333, 20, 150, NULL, NULL, NULL, NULL, '2021-07-09 02:25:25', '2021-07-09 02:25:25'),
(194, 11, NULL, '12', '2020-06-29', 0.33333333333333, 20, 150, NULL, NULL, NULL, NULL, '2021-07-09 02:25:25', '2021-07-09 02:25:25'),
(195, 11, NULL, '12', '2020-06-29', 0.33333333333333, 20, 150, NULL, NULL, NULL, NULL, '2021-07-09 02:25:25', '2021-07-09 02:25:25'),
(196, 6, NULL, '10', '2020-05-30', 0.5, 30, 40, NULL, NULL, NULL, 'Arley', '2021-07-09 02:26:35', '2021-07-09 02:26:35'),
(197, 6, NULL, '10', '2020-06-06', 0.5, 30, 80, NULL, NULL, NULL, 'Arley', '2021-07-09 02:28:56', '2021-07-09 02:28:56'),
(198, 6, NULL, '10', '2020-06-22', 0.5, 30, 80, NULL, NULL, NULL, 'Arley', '2021-07-09 02:29:19', '2021-07-09 02:29:19'),
(199, 11, NULL, '12', '2020-06-29', 0.33333333333333, 20, 150, NULL, NULL, NULL, NULL, '2021-07-09 02:29:54', '2021-07-09 02:29:54'),
(200, 11, NULL, '12', '2020-06-29', 0.33333333333333, 20, 150, NULL, NULL, NULL, NULL, '2021-07-09 02:29:55', '2021-07-09 02:29:55'),
(201, 11, NULL, '12', '2020-06-29', 2, 120, 150, NULL, NULL, NULL, NULL, '2021-07-09 02:35:52', '2021-07-09 02:35:52'),
(202, 11, NULL, '12', '2020-06-29', 0.33333333333333, 20, 150, NULL, NULL, NULL, NULL, '2021-07-08 21:36:32', '2021-07-09 02:36:32'),
(203, 6, NULL, '10', '2020-06-15', 0.5, 30, 40, NULL, NULL, NULL, 'Arley', '2021-07-09 02:36:58', '2021-07-09 02:36:58'),
(204, 11, NULL, '12', '2020-06-29', 0.33333333333333, 20, 430, NULL, NULL, NULL, NULL, '2021-07-09 02:38:34', '2021-07-09 02:38:34'),
(205, 11, NULL, '12', '2020-06-29', 0.33333333333333, 20, 430, NULL, NULL, NULL, NULL, '2021-07-09 02:38:36', '2021-07-09 02:38:36'),
(206, 11, NULL, '12', '2020-06-29', 0.33333333333333, 20, 430, NULL, NULL, NULL, NULL, '2021-07-09 02:38:41', '2021-07-09 02:38:41'),
(207, 11, NULL, '12', '2020-06-29', 0.33333333333333, 20, 430, NULL, NULL, NULL, NULL, '2021-07-09 02:38:42', '2021-07-09 02:38:42'),
(208, 11, NULL, '12', '2020-06-29', 0.33333333333333, 20, 430, NULL, NULL, NULL, '1', '2021-07-09 02:38:50', '2021-07-09 02:38:50'),
(209, 11, NULL, '12', '2020-06-29', 0.33333333333333, 20, 430, NULL, NULL, NULL, '1', '2021-07-09 02:38:50', '2021-07-09 02:38:50'),
(210, 11, NULL, '12', '2020-06-29', 0.33333333333333, 20, 430, NULL, NULL, NULL, '1', '2021-07-09 02:38:50', '2021-07-09 02:38:50'),
(211, 11, NULL, '12', '2020-06-29', 0.33333333333333, 20, 430, NULL, NULL, NULL, NULL, '2021-07-09 02:38:56', '2021-07-09 02:38:56'),
(212, 11, NULL, '12', '2020-06-29', 0.33333333333333, 20, 430, NULL, NULL, NULL, NULL, '2021-07-09 02:38:57', '2021-07-09 02:38:57'),
(213, 11, NULL, '12', '2020-06-29', 0.33333333333333, 20, 430, NULL, NULL, NULL, NULL, '2021-07-09 02:38:57', '2021-07-09 02:38:57'),
(214, 11, NULL, '12', '2020-06-29', 0.33333333333333, 20, 430, NULL, NULL, NULL, NULL, '2021-07-09 02:38:57', '2021-07-09 02:38:57'),
(215, 11, NULL, '12', '2020-06-29', 0.33333333333333, 20, 430, NULL, NULL, NULL, NULL, '2021-07-09 02:39:10', '2021-07-09 02:39:10'),
(216, 11, NULL, '12', '2020-06-29', 0.33333333333333, 20, 430, NULL, NULL, NULL, NULL, '2021-07-09 02:39:54', '2021-07-09 02:39:54'),
(217, 11, NULL, '12', '2020-06-29', 0.33333333333333, 20, 150, NULL, NULL, NULL, NULL, '2021-07-09 02:40:18', '2021-07-09 02:40:18'),
(218, 11, NULL, '12', '2020-06-29', 0.33333333333333, 20, 150, NULL, NULL, NULL, NULL, '2021-07-09 02:40:19', '2021-07-09 02:40:19'),
(219, 11, NULL, '12', '2020-06-30', 0.33333333333333, 20, 430, NULL, NULL, NULL, NULL, '2021-07-09 02:41:18', '2021-07-09 02:41:18'),
(220, 11, NULL, '12', '2020-06-30', 0.33333333333333, 20, 430, NULL, NULL, NULL, NULL, '2021-07-09 02:41:19', '2021-07-09 02:41:19'),
(221, 11, NULL, '12', '2020-06-30', 0.33333333333333, 20, 430, NULL, NULL, NULL, NULL, '2021-07-09 02:41:19', '2021-07-09 02:41:19'),
(222, 11, NULL, '12', '2020-06-30', 0.33333333333333, 20, 430, NULL, NULL, NULL, NULL, '2021-07-09 02:41:19', '2021-07-09 02:41:19'),
(223, 11, NULL, '12', '2020-06-30', 0.33333333333333, 20, 430, NULL, NULL, NULL, NULL, '2021-07-09 02:41:20', '2021-07-09 02:41:20'),
(224, 11, NULL, '12', '2020-06-30', 0.33333333333333, 20, 430, NULL, NULL, NULL, NULL, '2021-07-09 02:41:24', '2021-07-09 02:41:24'),
(225, 11, NULL, '12', '2020-06-30', 0.33333333333333, 20, 430, NULL, NULL, NULL, NULL, '2021-07-09 02:41:29', '2021-07-09 02:41:29'),
(226, 11, NULL, '12', '2020-06-30', 0.33333333333333, 20, 430, NULL, NULL, NULL, NULL, '2021-07-09 02:42:45', '2021-07-09 02:42:45'),
(227, 11, NULL, '12', '2020-06-30', 0.33333333333333, 20, 430, NULL, NULL, NULL, NULL, '2021-07-09 02:42:56', '2021-07-09 02:42:56'),
(228, 6, NULL, '10', '2020-06-27', 0.5, 30, 40, NULL, NULL, NULL, 'Arley', '2021-07-09 02:48:27', '2021-07-09 02:48:27'),
(229, 11, NULL, '12', '2020-07-01', 0.33333333333333, 20, 415, NULL, NULL, NULL, NULL, '2021-07-09 02:48:46', '2021-07-09 02:48:46'),
(230, 11, NULL, '12', '2020-07-02', 0.33333333333333, 20, 380, NULL, NULL, NULL, NULL, '2021-07-09 02:50:39', '2021-07-09 02:50:39'),
(231, 14, NULL, '13', '2020-06-27', 0.5, 30, 620, NULL, NULL, NULL, 'Arley', '2021-07-09 02:51:00', '2021-07-09 02:51:00'),
(232, 11, NULL, '12', '2020-07-03', 0.33333333333333, 20, 404, NULL, NULL, NULL, NULL, '2021-07-09 02:51:23', '2021-07-09 02:51:23'),
(233, 11, NULL, '12', '2020-07-04', 0.33333333333333, 20, 670, NULL, NULL, NULL, NULL, '2021-07-09 02:52:14', '2021-07-09 02:52:14'),
(234, 11, NULL, '12', '2020-07-05', 0.33333333333333, 20, 658, NULL, NULL, NULL, NULL, '2021-07-09 02:53:35', '2021-07-09 02:53:35'),
(235, 11, NULL, '12', '2020-07-06', 0.33333333333333, 20, 627, NULL, NULL, NULL, NULL, '2021-07-09 02:54:07', '2021-07-09 02:54:07'),
(236, 11, NULL, '12', '2020-07-07', 0.33333333333333, 20, 640, NULL, NULL, NULL, NULL, '2021-07-09 02:54:32', '2021-07-09 02:54:32'),
(237, 11, NULL, '12', '2020-07-08', 0.33333333333333, 20, 628, NULL, NULL, NULL, NULL, '2021-07-09 02:56:10', '2021-07-09 02:56:10'),
(238, 11, NULL, '12', '2020-07-09', 0.33333333333333, 20, 640, NULL, NULL, NULL, NULL, '2021-07-09 02:56:35', '2021-07-09 02:56:35'),
(239, 11, NULL, '12', '2020-07-10', 0.33333333333333, 20, 680, NULL, NULL, NULL, NULL, '2021-07-09 02:57:07', '2021-07-09 02:57:07'),
(240, 11, NULL, '12', '2020-07-11', 0.33333333333333, 20, 752, NULL, NULL, NULL, NULL, '2021-07-09 02:57:44', '2021-07-09 02:57:44'),
(241, 11, NULL, '12', '2020-07-12', 0.33333333333333, 20, 732, NULL, NULL, NULL, NULL, '2021-07-09 02:58:23', '2021-07-09 02:58:23'),
(242, 14, NULL, '13', '2020-07-06', 0.5, 30, 620, NULL, NULL, NULL, 'Arley', '2021-07-09 02:58:31', '2021-07-09 02:58:31'),
(243, 14, NULL, '13', '2020-07-18', 0.5, 30, 620, NULL, NULL, NULL, 'Arley', '2021-07-09 02:59:00', '2021-07-09 02:59:00'),
(244, 11, NULL, '12', '2020-07-13', 0.33333333333333, 20, 260, NULL, NULL, NULL, NULL, '2021-07-09 02:59:05', '2021-07-09 02:59:05'),
(245, 6, NULL, '10', '2020-07-25', 0.5, 30, 40, NULL, NULL, NULL, 'Arley', '2021-07-09 02:59:32', '2021-07-09 02:59:32'),
(246, 11, NULL, '12', '2020-07-14', 0.33333333333333, 20, 260, NULL, NULL, NULL, NULL, '2021-07-09 02:59:44', '2021-07-09 02:59:44'),
(247, 6, NULL, '10', '2020-07-11', 0.5, 30, 40, NULL, NULL, NULL, 'Arley', '2021-07-09 03:00:00', '2021-07-09 03:00:00'),
(248, 11, NULL, '12', '2020-07-17', 0.33333333333333, 20, 330, NULL, NULL, NULL, NULL, '2021-07-09 03:00:39', '2021-07-09 03:00:39'),
(249, 11, NULL, '12', '2020-07-18', 0.33333333333333, 20, 630, NULL, NULL, NULL, NULL, '2021-07-09 03:01:53', '2021-07-09 03:01:53'),
(250, 11, NULL, '12', '2020-07-19', 0.33333333333333, 20, 570, NULL, NULL, NULL, NULL, '2021-07-09 03:03:02', '2021-07-09 03:03:02'),
(251, 11, NULL, '12', '2020-07-20', 0.33333333333333, 20, 320, NULL, NULL, NULL, NULL, '2021-07-09 03:03:36', '2021-07-09 03:03:36'),
(252, 11, NULL, '12', '2020-07-22', 0.33333333333333, 20, 400, NULL, NULL, NULL, NULL, '2021-07-09 03:04:37', '2021-07-09 03:04:37'),
(253, 11, NULL, '12', '2020-07-23', 0.33333333333333, 20, 340, NULL, NULL, NULL, NULL, '2021-07-08 22:07:12', '2021-07-09 03:07:12'),
(254, 14, NULL, '13', '2020-08-22', 0.5, 30, 620, NULL, NULL, NULL, 'Arley', '2021-07-09 03:07:37', '2021-07-09 03:07:37'),
(255, 11, NULL, '12', '2020-07-24', 0.33333333333333, 20, 480, NULL, NULL, NULL, NULL, '2021-07-09 03:07:48', '2021-07-09 03:07:48'),
(256, 11, NULL, '12', '2020-07-24', 0.33333333333333, 20, 480, NULL, NULL, NULL, NULL, '2021-07-09 03:07:50', '2021-07-09 03:07:50'),
(257, 11, NULL, '12', '2020-07-24', 0.33333333333333, 20, 480, NULL, NULL, NULL, NULL, '2021-07-09 03:07:50', '2021-07-09 03:07:50'),
(258, 11, NULL, '12', '2020-07-24', 0.33333333333333, 20, 480, NULL, NULL, NULL, NULL, '2021-07-09 03:07:51', '2021-07-09 03:07:51'),
(259, 11, NULL, '12', '2020-07-24', 0.33333333333333, 20, 480, NULL, NULL, NULL, NULL, '2021-07-09 03:07:51', '2021-07-09 03:07:51'),
(260, 11, NULL, '12', '2020-07-24', 0.33333333333333, 20, 480, NULL, NULL, NULL, NULL, '2021-07-09 03:07:51', '2021-07-09 03:07:51'),
(261, 11, NULL, '12', '2020-07-24', 0.33333333333333, 20, 480, NULL, NULL, NULL, NULL, '2021-07-09 03:07:51', '2021-07-09 03:07:51'),
(262, 14, NULL, '13', '2020-08-31', 0.5, 30, 620, NULL, NULL, NULL, 'Arley', '2021-07-09 03:07:51', '2021-07-09 03:07:51'),
(263, 11, NULL, '12', '2020-07-24', 0.33333333333333, 20, 480, NULL, NULL, NULL, NULL, '2021-07-09 03:07:51', '2021-07-09 03:07:51'),
(264, 14, NULL, '13', '2020-09-05', 0.5, 30, 620, NULL, NULL, NULL, 'Arley', '2021-07-09 03:08:15', '2021-07-09 03:08:15'),
(265, 11, NULL, '12', '2020-07-24', 0.33333333333333, 20, 480, NULL, NULL, NULL, NULL, '2021-07-09 03:08:36', '2021-07-09 03:08:36'),
(266, 11, NULL, '12', '2020-07-24', 0.33333333333333, 20, 480, NULL, NULL, NULL, NULL, '2021-07-09 03:08:45', '2021-07-09 03:08:45'),
(267, 14, NULL, '13', '2020-09-12', 0.5, 30, 620, NULL, NULL, NULL, 'Arley', '2021-07-09 03:08:58', '2021-07-09 03:08:58'),
(268, 11, NULL, '12', '2020-07-24', 0.33333333333333, 20, 480, NULL, NULL, NULL, NULL, '2021-07-09 03:08:59', '2021-07-09 03:08:59'),
(269, 14, NULL, '13', '2020-09-19', 0.5, 30, 620, NULL, NULL, NULL, 'Arley', '2021-07-09 03:09:21', '2021-07-09 03:09:21'),
(270, 6, NULL, '10', '2020-08-22', 0.5, 30, 40, NULL, NULL, NULL, 'Arley', '2021-07-09 21:54:49', '2021-07-09 21:54:49'),
(271, 6, NULL, '10', '2020-09-12', 0.5, 30, 40, NULL, NULL, NULL, 'Arley', '2021-07-09 21:55:27', '2021-07-09 21:55:27'),
(272, 6, NULL, '10', '2020-09-05', 0.5, 30, 40, NULL, NULL, NULL, 'Arley', '2021-07-09 21:55:47', '2021-07-09 21:55:47'),
(273, 6, NULL, '10', '2020-09-19', 0.5, 30, 40, NULL, NULL, NULL, 'Arley', '2021-07-09 21:56:15', '2021-07-09 21:56:15'),
(274, 6, NULL, '10', '2020-09-26', 0.5, 30, 40, NULL, NULL, NULL, 'Arley', '2021-07-09 21:57:02', '2021-07-09 21:57:02'),
(275, 11, NULL, '12', '2020-07-24', 0.33333333333333, 20, 480, NULL, NULL, NULL, NULL, '2021-07-10 00:19:02', '2021-07-10 00:19:02'),
(276, 11, NULL, '12', '2020-07-24', 0.33333333333333, 20, 480, NULL, NULL, NULL, NULL, '2021-07-10 00:19:03', '2021-07-10 00:19:03'),
(277, 11, NULL, '12', '2020-07-24', 0.33333333333333, 20, 480, NULL, NULL, NULL, NULL, '2021-07-10 00:21:28', '2021-07-10 00:21:28'),
(278, 11, NULL, '12', '2020-07-24', 0.33333333333333, 20, 480, NULL, NULL, NULL, NULL, '2021-07-10 00:21:28', '2021-07-10 00:21:28'),
(279, 11, NULL, '12', '2020-07-24', 0.33333333333333, 20, 480, NULL, NULL, NULL, NULL, '2021-07-10 00:21:28', '2021-07-10 00:21:28'),
(280, 11, NULL, '12', '2020-07-24', 0.33333333333333, 20, 480, NULL, NULL, NULL, NULL, '2021-07-10 00:21:28', '2021-07-10 00:21:28'),
(281, 11, NULL, '12', '2020-07-24', 0.33333333333333, 20, 480, NULL, NULL, NULL, NULL, '2021-07-10 00:21:28', '2021-07-10 00:21:28'),
(286, 11, NULL, '12', '2020-07-24', 0.33333333333333, 20, 480, NULL, NULL, NULL, NULL, '2021-07-10 00:21:40', '2021-07-10 00:21:40'),
(287, 11, NULL, '12', '2020-07-24', 0.33333333333333, 20, 480, NULL, NULL, NULL, NULL, '2021-07-10 00:22:14', '2021-07-10 00:22:14'),
(288, 11, NULL, '12', '2020-07-25', 0.33333333333333, 20, 461, NULL, NULL, NULL, NULL, '2021-07-10 00:22:58', '2021-07-10 00:22:58'),
(289, 11, NULL, '12', '2020-07-25', 0.33333333333333, 20, 461, NULL, NULL, NULL, NULL, '2021-07-10 00:26:36', '2021-07-10 00:26:36'),
(290, 11, NULL, '12', '2020-07-25', 0.33333333333333, 20, 461, NULL, NULL, NULL, NULL, '2021-07-10 00:27:04', '2021-07-10 00:27:04'),
(291, 11, NULL, '12', '2020-07-26', 0.33333333333333, 20, 573, NULL, NULL, NULL, NULL, '2021-07-10 00:28:30', '2021-07-10 00:28:30'),
(292, 11, NULL, '12', '2020-07-26', 0.33333333333333, 20, 573, NULL, NULL, NULL, NULL, '2021-07-10 00:28:37', '2021-07-10 00:28:37'),
(293, 11, NULL, '12', '2020-07-27', 0.33333333333333, 20, 593, NULL, NULL, NULL, NULL, '2021-07-10 00:30:46', '2021-07-10 00:30:46'),
(294, 11, NULL, '12', '2020-07-28', 0.33333333333333, 20, 615, NULL, NULL, NULL, NULL, '2021-07-10 00:31:37', '2021-07-10 00:31:37'),
(295, 11, NULL, '12', '2020-07-29', 0.33333333333333, 20, 597, NULL, NULL, NULL, NULL, '2021-07-10 01:00:30', '2021-07-10 01:00:30'),
(296, 11, NULL, '12', '2020-07-30', 0.33333333333333, 20, 592, NULL, NULL, NULL, NULL, '2021-07-10 01:01:30', '2021-07-10 01:01:30'),
(297, 11, NULL, '12', '2020-07-31', 0.33333333333333, 20, 679, NULL, NULL, NULL, NULL, '2021-07-10 01:01:55', '2021-07-10 01:01:55'),
(298, 11, NULL, '12', '2020-08-01', 0.33333333333333, 20, 620, NULL, NULL, NULL, NULL, '2021-07-10 01:06:38', '2021-07-10 01:06:38'),
(299, 11, NULL, '12', '2020-08-02', 0.33333333333333, 20, 719, NULL, NULL, NULL, NULL, '2021-07-10 01:07:22', '2021-07-10 01:07:22'),
(300, 11, NULL, '12', '2020-08-03', 0.33333333333333, 20, 717, NULL, NULL, NULL, NULL, '2021-07-10 01:07:47', '2021-07-10 01:07:47'),
(301, 11, NULL, '12', '2020-08-04', 0.33333333333333, 20, 721, NULL, NULL, NULL, NULL, '2021-07-10 01:08:58', '2021-07-10 01:08:58'),
(302, 11, NULL, '12', '2020-08-05', 0.33333333333333, 20, 729, NULL, NULL, NULL, NULL, '2021-07-10 01:09:23', '2021-07-10 01:09:23'),
(303, 11, NULL, '12', '2020-08-06', 0.33333333333333, 20, 720, NULL, NULL, NULL, NULL, '2021-07-10 01:09:45', '2021-07-10 01:09:45'),
(304, 11, NULL, '12', '2020-08-07', 0.33333333333333, 20, 725, NULL, NULL, NULL, NULL, '2021-07-10 01:10:04', '2021-07-10 01:10:04'),
(305, 11, NULL, '12', '2020-08-08', 0.33333333333333, 20, 780, NULL, NULL, NULL, NULL, '2021-07-10 01:10:32', '2021-07-10 01:10:32'),
(306, 11, NULL, '12', '2020-08-09', 0.33333333333333, 20, 755, NULL, NULL, NULL, NULL, '2021-07-10 01:11:02', '2021-07-10 01:11:02'),
(307, 11, NULL, '12', '2020-08-10', 0.33333333333333, 20, 620, NULL, NULL, NULL, NULL, '2021-07-10 01:11:31', '2021-07-10 01:11:31'),
(308, 11, NULL, '12', '2020-08-11', 0.33333333333333, 20, 420, NULL, NULL, NULL, NULL, '2021-07-10 01:12:18', '2021-07-10 01:12:18'),
(309, 11, NULL, '12', '2020-08-12', 0.33333333333333, 20, 420, NULL, NULL, NULL, NULL, '2021-07-10 01:12:55', '2021-07-10 01:12:55'),
(310, 11, NULL, '12', '2020-08-13', 0.33333333333333, 20, 338, NULL, NULL, NULL, NULL, '2021-07-10 01:13:29', '2021-07-10 01:13:29'),
(311, 11, NULL, '12', '2020-08-14', 0.33333333333333, 20, 540, NULL, NULL, NULL, NULL, '2021-07-10 01:14:17', '2021-07-10 01:14:17'),
(312, 11, NULL, '12', '2020-08-15', 0.33333333333333, 20, 530, NULL, NULL, NULL, NULL, '2021-07-10 01:14:42', '2021-07-10 01:14:42'),
(313, 11, NULL, '12', '2020-08-16', 0.33333333333333, 20, 210, NULL, NULL, NULL, NULL, '2021-07-10 01:15:19', '2021-07-10 01:15:19'),
(314, 11, NULL, '12', '2020-08-19', 0.33333333333333, 20, 618, NULL, NULL, NULL, NULL, '2021-07-10 01:16:11', '2021-07-10 01:16:11'),
(315, 11, NULL, '12', '2020-08-20', 0.33333333333333, 20, 505, NULL, NULL, NULL, NULL, '2021-07-10 01:16:42', '2021-07-10 01:16:42'),
(316, 11, NULL, '12', '2020-08-21', 0.33333333333333, 20, 385, NULL, NULL, NULL, NULL, '2021-07-10 01:18:32', '2021-07-10 01:18:32'),
(317, 11, NULL, '12', '2020-08-22', 0.33333333333333, 20, 625, NULL, NULL, NULL, NULL, '2021-07-10 01:58:49', '2021-07-10 01:58:49'),
(318, 11, NULL, '12', '2020-08-23', 0.33333333333333, 20, 565, NULL, NULL, NULL, NULL, '2021-07-10 01:59:06', '2021-07-10 01:59:06'),
(319, 11, NULL, '12', '2020-08-24', 0.33333333333333, 20, 570, NULL, NULL, NULL, NULL, '2021-07-10 01:59:25', '2021-07-10 01:59:25'),
(320, 11, NULL, '12', '2020-08-25', 0.33333333333333, 20, 561, NULL, NULL, NULL, NULL, '2021-07-10 02:01:13', '2021-07-10 02:01:13'),
(321, 11, NULL, '12', '2020-08-26', 0.33333333333333, 20, 501, NULL, NULL, NULL, NULL, '2021-07-10 02:01:59', '2021-07-10 02:01:59'),
(322, 11, NULL, '12', '2020-08-27', 0.33333333333333, 20, 561, NULL, NULL, NULL, NULL, '2021-07-10 02:02:27', '2021-07-10 02:02:27'),
(323, 11, NULL, '12', '2020-08-29', 0.33333333333333, 20, 561, NULL, NULL, NULL, NULL, '2021-07-10 02:04:49', '2021-07-10 02:04:49'),
(324, 11, NULL, '12', '2020-08-30', 0.33333333333333, 20, 441, NULL, NULL, NULL, NULL, '2021-07-10 02:05:27', '2021-07-10 02:05:27'),
(325, 11, NULL, '12', '2020-08-31', 0.33333333333333, 20, 501, NULL, NULL, NULL, NULL, '2021-07-10 02:06:12', '2021-07-10 02:06:12'),
(326, 11, NULL, '12', '2020-09-01', 0.33333333333333, 20, 501, NULL, NULL, NULL, NULL, '2021-07-10 02:06:51', '2021-07-10 02:06:51'),
(327, 11, NULL, '12', '2020-09-02', 0.33333333333333, 20, 441, NULL, NULL, NULL, NULL, '2021-07-10 02:07:13', '2021-07-10 02:07:13'),
(328, 11, NULL, '12', '2020-09-03', 0.33333333333333, 20, 501, NULL, NULL, NULL, NULL, '2021-07-10 02:07:38', '2021-07-10 02:07:38'),
(329, 11, NULL, '12', '2020-09-04', 0.33333333333333, 20, 537, NULL, NULL, NULL, NULL, '2021-07-10 02:07:57', '2021-07-10 02:07:57'),
(330, 11, NULL, '12', '2020-09-05', 0.33333333333333, 20, 537, NULL, NULL, NULL, NULL, '2021-07-10 02:09:37', '2021-07-10 02:09:37'),
(331, 11, NULL, '12', '2020-09-06', 0.33333333333333, 20, 597, NULL, NULL, NULL, NULL, '2021-07-10 02:09:58', '2021-07-10 02:09:58'),
(332, 11, NULL, '12', '2020-09-07', 0.33333333333333, 20, 537, NULL, NULL, NULL, NULL, '2021-07-10 02:10:22', '2021-07-10 02:10:22'),
(333, 11, NULL, '12', '2020-09-08', 0.33333333333333, 20, 597, NULL, NULL, NULL, NULL, '2021-07-10 02:10:38', '2021-07-10 02:10:38'),
(334, 11, NULL, '12', '2020-09-09', 0.33333333333333, 20, 657, NULL, NULL, NULL, NULL, '2021-07-10 02:11:02', '2021-07-10 02:11:02'),
(335, 11, NULL, '12', '2020-09-10', 0.33333333333333, 20, 597, NULL, NULL, NULL, NULL, '2021-07-10 02:11:26', '2021-07-10 02:11:26'),
(336, 11, NULL, '12', '2020-09-11', 0.33333333333333, 20, 537, NULL, NULL, NULL, NULL, '2021-07-10 02:11:50', '2021-07-10 02:11:50'),
(337, 11, NULL, '12', '2020-09-12', 0.33333333333333, 20, 477, NULL, NULL, NULL, NULL, '2021-07-10 02:12:10', '2021-07-10 02:12:10'),
(338, 11, NULL, '12', '2020-09-13', 0.33333333333333, 20, 597, NULL, NULL, NULL, NULL, '2021-07-10 02:12:31', '2021-07-10 02:12:31'),
(339, 11, NULL, '12', '2020-09-14', 0.33333333333333, 20, 597, NULL, NULL, NULL, NULL, '2021-07-10 02:12:58', '2021-07-10 02:12:58'),
(340, 11, NULL, '12', '2020-09-15', 0.33333333333333, 20, 537, NULL, NULL, NULL, NULL, '2021-07-10 02:13:13', '2021-07-10 02:13:13'),
(341, 11, NULL, '12', '2020-09-16', 0.33333333333333, 20, 554, NULL, NULL, NULL, NULL, '2021-07-10 02:13:41', '2021-07-10 02:13:41'),
(342, 11, NULL, '12', '2020-09-17', 0.33333333333333, 20, 494, NULL, NULL, NULL, NULL, '2021-07-10 02:14:03', '2021-07-10 02:14:03'),
(343, 11, NULL, '12', '2020-09-18', 0.33333333333333, 20, 614, NULL, NULL, NULL, NULL, '2021-07-10 02:14:30', '2021-07-10 02:14:30'),
(344, 11, NULL, '12', '2020-09-19', 0.33333333333333, 20, 614, NULL, NULL, NULL, NULL, '2021-07-10 02:15:16', '2021-07-10 02:15:16'),
(345, 11, NULL, '12', '2020-09-20', 0.33333333333333, 20, 614, NULL, NULL, NULL, NULL, '2021-07-10 02:15:34', '2021-07-10 02:15:34'),
(346, 11, NULL, '12', '2020-09-21', 0.33333333333333, 20, 614, NULL, NULL, NULL, NULL, '2021-07-10 02:15:48', '2021-07-10 02:15:48'),
(347, 11, NULL, '12', '2020-09-22', 0.33333333333333, 20, 544, NULL, NULL, NULL, NULL, '2021-07-10 02:16:22', '2021-07-10 02:16:22'),
(348, 11, NULL, '12', '2020-09-23', 0.33333333333333, 20, 424, NULL, NULL, NULL, NULL, '2021-07-10 02:39:53', '2021-07-10 02:39:53'),
(349, 11, NULL, '12', '2020-09-24', 0.33333333333333, 20, 480, NULL, NULL, NULL, NULL, '2021-07-10 02:40:09', '2021-07-10 02:40:09'),
(350, 11, NULL, '12', '2020-08-25', 0.33333333333333, 20, 480, NULL, NULL, NULL, NULL, '2021-07-10 02:41:30', '2021-07-10 02:41:30'),
(351, 11, NULL, '12', '2020-08-26', 0.33333333333333, 20, 540, NULL, NULL, NULL, NULL, '2021-07-10 02:41:52', '2021-07-10 02:41:52'),
(352, 11, NULL, '12', '2020-08-27', 0.33333333333333, 20, 570, NULL, NULL, NULL, NULL, '2021-07-10 02:42:19', '2021-07-10 02:42:19'),
(353, 11, NULL, '12', '2020-08-28', 0.33333333333333, 20, 532, NULL, NULL, NULL, NULL, '2021-07-10 02:42:47', '2021-07-10 02:42:47'),
(354, 11, NULL, '12', '2020-08-29', 0.33333333333333, 20, 552, NULL, NULL, NULL, NULL, '2021-07-10 02:43:09', '2021-07-10 02:43:09'),
(355, 0, 14, '1', '2020-12-10', 0.33333333333333, 20, NULL, 40, 20, 1.35, NULL, '2021-07-14 02:28:03', '2021-07-14 02:28:03'),
(356, 0, 14, '1', '2020-12-11', 0.33333333333333, 20, NULL, 40, 30, 1.35, NULL, '2021-07-14 02:28:59', '2021-07-14 02:28:59'),
(357, 0, 14, '1', '2020-12-12', 0.33333333333333, 20, NULL, 60, 20, 1.35, NULL, '2021-07-14 02:29:17', '2021-07-14 02:29:17'),
(358, 0, 14, '1', '2020-12-13', 0.33333333333333, 20, NULL, 60, 0, 1.35, NULL, '2021-07-14 02:30:42', '2021-07-14 02:30:42'),
(359, 0, 14, '1', '2020-12-14', 0.33333333333333, 20, NULL, 60, 40, 1.35, NULL, '2021-07-14 02:30:58', '2021-07-14 02:30:58'),
(360, 0, 14, '1', '2020-12-15', 0.33333333333333, 20, NULL, 50, 40, 1.35, NULL, '2021-07-14 02:31:09', '2021-07-14 02:31:09'),
(361, 0, 15, '1', '2020-12-16', 0.33333333333333, 20, NULL, 30, 0, 1.35, NULL, '2021-07-14 02:31:43', '2021-07-14 02:31:43'),
(362, 0, 15, '1', '2020-12-17', 0.33333333333333, 20, NULL, 40, 0, 1.35, NULL, '2021-07-14 02:33:04', '2021-07-14 02:33:04'),
(363, 0, 15, '1', '2020-12-18', 0.33333333333333, 20, NULL, 80, 40, 1.35, NULL, '2021-07-14 02:33:19', '2021-07-14 02:33:19'),
(405, 0, 15, '1', '2020-01-25', 0.33333333333333, 20, NULL, 70, 70, 1.35, NULL, '2021-07-14 21:21:36', '2021-07-14 21:21:36'),
(406, 0, 15, '1', '2020-01-26', 0.33333333333333, 20, NULL, 100, 40, 1.35, NULL, '2021-07-14 21:21:51', '2021-07-14 21:21:51'),
(407, 0, 15, '1', '2020-01-27', 0.33333333333333, 20, NULL, 80, 80, 1.35, NULL, '2021-07-14 21:22:03', '2021-07-14 21:22:03'),
(408, 0, 15, '1', '2020-01-28', 0.33333333333333, 20, NULL, 110, 15, 1.35, NULL, '2021-07-14 21:22:23', '2021-07-14 21:22:23'),
(409, 0, 15, '1', '2020-01-29', 0.33333333333333, 20, NULL, 80, 40, 1.35, NULL, '2021-07-14 21:22:35', '2021-07-14 21:22:35'),
(410, 0, 15, '1', '2020-01-30', 0.33333333333333, 20, NULL, 40, 80, 1.35, NULL, '2021-07-14 21:23:54', '2021-07-14 21:23:54'),
(411, 0, 15, '1', '2020-01-31', 0.16666666666667, 10, NULL, 40, 0, 1.35, NULL, '2021-07-14 21:24:04', '2021-07-14 21:24:04'),
(412, 0, 15, '1', '2020-02-02', 0.33333333333333, 20, NULL, 80, 16, 1.35, NULL, '2021-07-14 21:24:18', '2021-07-14 21:24:18'),
(413, 0, 15, '1', '2020-02-03', 0.33333333333333, 20, NULL, 80, 30, 1.35, NULL, '2021-07-14 21:24:27', '2021-07-14 21:24:27'),
(414, 0, 15, '1', '2020-02-04', 0.16666666666667, 10, NULL, 55, 0, 1.35, NULL, '2021-07-14 21:24:38', '2021-07-14 21:24:38'),
(415, 0, 15, '1', '2020-02-05', 0.16666666666667, 10, NULL, 110, 0, 1.35, NULL, '2021-07-14 21:24:52', '2021-07-14 21:24:52'),
(416, 0, 15, '1', '2020-02-06', 0.33333333333333, 20, NULL, 80, 55, 1.35, NULL, '2021-07-14 21:25:09', '2021-07-14 21:25:09'),
(417, 0, 15, '1', '2020-02-07', 0.16666666666667, 10, NULL, 40, 0, 1.35, NULL, '2021-07-14 21:25:16', '2021-07-14 21:25:16'),
(418, 0, 15, '1', '2020-02-08', 0.33333333333333, 20, NULL, 80, 15, 1.35, NULL, '2021-07-14 21:25:27', '2021-07-14 21:25:27'),
(419, 0, 15, '1', '2020-02-09', 0.33333333333333, 20, NULL, 40, 80, 1.35, NULL, '2021-07-14 21:25:35', '2021-07-14 21:25:35'),
(420, 0, 15, '1', '2020-02-10', 0.33333333333333, 20, NULL, 80, 50, 1.35, NULL, '2021-07-14 21:25:42', '2021-07-14 21:25:42'),
(421, 0, 15, '1', '2020-02-11', 0.16666666666667, 10, NULL, 80, 0, 1.35, NULL, '2021-07-14 21:25:54', '2021-07-14 21:25:54'),
(422, 0, 15, '1', '2020-02-12', 0.16666666666667, 10, NULL, 80, 0, 1.35, NULL, '2021-07-14 21:26:01', '2021-07-14 21:26:01'),
(423, 0, 15, '1', '2020-02-13', 0.33333333333333, 20, NULL, 40, 40, 1.35, NULL, '2021-07-14 21:26:12', '2021-07-14 21:26:12'),
(424, 0, 15, '1', '2020-02-14', 0.16666666666667, 10, NULL, 0, 40, 1.35, NULL, '2021-07-14 21:26:22', '2021-07-14 21:26:22'),
(425, 0, 15, '1', '2020-02-15', 0.33333333333333, 20, NULL, 80, 40, 1.35, NULL, '2021-07-14 21:26:32', '2021-07-14 21:26:32'),
(426, 0, 15, '1', '2020-02-16', 0.16666666666667, 10, NULL, 80, 0, 1.35, NULL, '2021-07-14 21:26:45', '2021-07-14 21:26:45'),
(427, 0, 15, '1', '2020-02-17', 0.16666666666667, 10, NULL, 0, 40, 1.35, NULL, '2021-07-14 21:26:58', '2021-07-14 21:26:58'),
(428, 0, 15, '1', '2020-02-18', 0.33333333333333, 20, NULL, 100, 40, 1.35, NULL, '2021-07-14 21:27:09', '2021-07-14 21:27:09'),
(429, 0, 15, '1', '2020-02-19', 0.16666666666667, 10, NULL, 110, 0, 1.35, NULL, '2021-07-14 21:27:25', '2021-07-14 21:27:25'),
(430, 0, 15, '1', '2020-02-20', 0.16666666666667, 10, NULL, 100, 0, 1.35, NULL, '2021-07-14 21:27:43', '2021-07-14 21:27:43'),
(431, 0, 15, '1', '2020-02-21', 0.16666666666667, 10, NULL, 50, 0, 1.35, NULL, '2021-07-14 21:27:52', '2021-07-14 21:27:52'),
(432, 0, 15, '1', '2020-02-22', 0.16666666666667, 10, NULL, 0, 70, 1.35, NULL, '2021-07-14 21:28:02', '2021-07-14 21:28:02'),
(433, 0, 15, '1', '2020-02-23', 0.33333333333333, 20, NULL, 50, 60, 1.35, NULL, '2021-07-14 21:28:16', '2021-07-14 21:28:16'),
(434, 0, 15, '1', '2020-02-24', 0.33333333333333, 20, NULL, 50, 40, 1.35, NULL, '2021-07-14 21:28:40', '2021-07-14 21:28:40'),
(435, 0, 15, '1', '2020-02-25', 0.33333333333333, 20, NULL, 100, 15, 1.35, NULL, '2021-07-14 21:28:48', '2021-07-14 21:28:48'),
(436, 0, 15, '1', '2020-02-26', 0.16666666666667, 10, NULL, 70, 0, 1.35, NULL, '2021-07-14 21:28:59', '2021-07-14 21:28:59'),
(437, 0, 15, '1', '2020-02-27', 0.33333333333333, 20, NULL, 40, 40, 1.35, NULL, '2021-07-14 21:29:09', '2021-07-14 21:29:09');
INSERT INTO `recursos_necesarios` (`id`, `id_recurso`, `id_alimento`, `tipo_actividad`, `fecha_ra`, `horas_hombre`, `minutos_hombre`, `cantidad_recurso`, `cant_manana`, `cant_tarde`, `conv_alimenticia`, `detalles`, `created_at`, `updated_at`) VALUES
(438, 0, 15, '1', '2020-02-28', 0.16666666666667, 10, NULL, 30, 0, 1.35, NULL, '2021-07-14 21:29:19', '2021-07-14 21:29:19'),
(439, 0, 15, '1', '2020-03-01', 0.33333333333333, 20, NULL, 100, 40, 1.35, NULL, '2021-07-14 21:29:31', '2021-07-14 21:29:31'),
(440, 0, 15, '1', '2020-03-02', 0.33333333333333, 20, NULL, 80, 60, 1.35, NULL, '2021-07-14 21:29:51', '2021-07-14 21:29:51'),
(441, 0, 15, '1', '2020-03-03', 0.16666666666667, 10, NULL, 80, 0, 1.35, NULL, '2021-07-14 21:30:13', '2021-07-14 21:30:13'),
(442, 0, 15, '1', '2020-03-04', 0.16666666666667, 10, NULL, 80, 0, 1.35, NULL, '2021-07-14 21:30:22', '2021-07-14 21:30:22'),
(443, 0, 15, '1', '2020-03-05', 0.33333333333333, 20, NULL, 80, 15, 1.35, NULL, '2021-07-14 21:30:30', '2021-07-14 21:30:30'),
(444, 0, 15, '1', '2020-03-06', 0.16666666666667, 10, NULL, 40, 0, 1.35, NULL, '2021-07-14 21:30:38', '2021-07-14 21:30:38'),
(445, 0, 15, '1', '2020-03-08', 0.16666666666667, 10, NULL, 50, 0, 1.35, NULL, '2021-07-14 21:31:50', '2021-07-14 21:31:50'),
(446, 0, 15, '1', '2020-03-08', 0.16666666666667, 10, NULL, 50, 0, 1.35, NULL, '2021-07-14 21:32:53', '2021-07-14 21:32:53'),
(447, 0, 14, '1', '2020-12-10', 0.33333333333333, 20, NULL, 40, 20, 1.35, NULL, '2021-07-14 21:50:08', '2021-07-14 21:50:08'),
(448, 0, 14, '1', '2020-12-11', 0.33333333333333, 20, NULL, 40, 30, 1.35, NULL, '2021-07-14 21:50:38', '2021-07-14 21:50:38'),
(449, 0, 14, '1', '2020-12-12', 0.33333333333333, 20, NULL, 60, 20, 1.35, NULL, '2021-07-14 21:50:50', '2021-07-14 21:50:50'),
(450, 0, 14, '1', '2020-12-13', 0.16666666666667, 10, NULL, 60, 0, 1.35, NULL, '2021-07-14 21:51:02', '2021-07-14 21:51:02'),
(451, 0, 14, '1', '2020-12-14', 0.33333333333333, 20, NULL, 60, 40, 1.35, NULL, '2021-07-14 21:51:13', '2021-07-14 21:51:13'),
(452, 0, 14, '1', '2020-12-15', 0.33333333333333, 20, NULL, 50, 40, 1.35, NULL, '2021-07-14 21:51:22', '2021-07-14 21:51:22'),
(453, 0, 15, '1', '2020-12-16', 0.16666666666667, 10, NULL, 30, 0, 1.35, NULL, '2021-07-14 21:51:43', '2021-07-14 21:51:43'),
(454, 0, 15, '1', '2020-12-17', 0.16666666666667, 10, NULL, 40, 0, 1.35, NULL, '2021-07-14 21:51:53', '2021-07-14 21:51:53'),
(455, 0, 15, '1', '2020-12-18', 0.33333333333333, 20, NULL, 80, 40, 1.35, NULL, '2021-07-14 21:52:05', '2021-07-14 21:52:05'),
(456, 0, 15, '1', '2020-12-19', 0.33333333333333, 20, NULL, 70, 30, 1.35, NULL, '2021-07-14 21:52:16', '2021-07-14 21:52:16'),
(457, 0, 15, '1', '2020-12-20', 0.16666666666667, 10, NULL, 50, 0, 1.35, NULL, '2021-07-14 21:52:56', '2021-07-14 21:52:56'),
(458, 0, 15, '1', '2020-12-21', 0.33333333333333, 20, NULL, 80, 20, 1.35, NULL, '2021-07-14 21:53:10', '2021-07-14 21:53:10'),
(459, 0, 15, '1', '2020-12-23', 0.33333333333333, 20, NULL, 80, 30, 1.35, NULL, '2021-07-14 21:53:33', '2021-07-14 21:53:33'),
(460, 0, 15, '1', '2020-12-24', 0.16666666666667, 10, NULL, 0, 40, 1.35, NULL, '2021-07-14 21:53:42', '2021-07-14 21:53:42'),
(461, 0, 15, '1', '2020-12-25', 0.33333333333333, 20, NULL, 50, 40, 1.35, NULL, '2021-07-14 21:53:52', '2021-07-14 21:53:52'),
(462, 0, 15, '1', '2020-12-26', 0.33333333333333, 20, NULL, 40, 70, 1.35, NULL, '2021-07-14 21:54:00', '2021-07-14 21:54:00'),
(463, 0, 15, '1', '2020-12-28', 0.33333333333333, 20, NULL, 50, 40, 1.35, NULL, '2021-07-14 21:54:10', '2021-07-14 21:54:10'),
(464, 0, 15, '1', '2020-12-29', 0.33333333333333, 20, NULL, 80, 30, 1.35, NULL, '2021-07-14 21:54:21', '2021-07-14 21:54:21'),
(465, 0, 15, '1', '2020-12-30', 0.16666666666667, 10, NULL, 80, 0, 1.35, NULL, '2021-07-14 21:54:31', '2021-07-14 21:54:31'),
(466, 0, 15, '1', '2020-12-31', 0.33333333333333, 20, NULL, 40, 50, 1.35, NULL, '2021-07-14 21:54:42', '2021-07-14 21:54:42'),
(467, 0, 15, '1', '2021-01-02', 0.33333333333333, 20, NULL, 70, 50, 1.35, NULL, '2021-07-14 21:55:02', '2021-07-14 21:55:02'),
(468, 0, 15, '1', '2021-01-04', 0.33333333333333, 20, NULL, 70, 60, 1.35, NULL, '2021-07-14 21:55:12', '2021-07-14 21:55:12'),
(469, 0, 15, '1', '2021-01-05', 0.16666666666667, 10, NULL, 60, 0, 1.35, NULL, '2021-07-14 21:55:24', '2021-07-14 21:55:24'),
(470, 0, 15, '1', '2021-01-06', 0.16666666666667, 10, NULL, 0, 40, 1.35, NULL, '2021-07-14 21:55:35', '2021-07-14 21:55:35'),
(471, 0, 15, '1', '2021-01-07', 0.33333333333333, 20, NULL, 40, 60, 1.35, NULL, '2021-07-14 21:55:47', '2021-07-14 21:55:47'),
(472, 0, 15, '1', '2021-01-08', 0.33333333333333, 20, NULL, 80, 40, 1.35, NULL, '2021-07-14 21:55:55', '2021-07-14 21:55:55'),
(473, 0, 15, '1', '2021-01-09', 0.33333333333333, 20, NULL, 45, 0, 1.35, NULL, '2021-07-14 21:56:02', '2021-07-14 21:56:02'),
(474, 0, 15, '1', '2021-01-10', 0.16666666666667, 10, NULL, 40, 0, 1.35, NULL, '2021-07-14 21:56:20', '2021-07-14 21:56:20'),
(475, 0, 15, '1', '2021-01-12', 0.33333333333333, 20, NULL, 80, 40, 1.35, NULL, '2021-07-14 21:56:30', '2021-07-14 21:56:30'),
(476, 0, 15, '1', '2021-01-13', 0.33333333333333, 20, NULL, 80, 20, 1.35, NULL, '2021-07-14 21:56:38', '2021-07-14 21:56:38'),
(477, 0, 15, '1', '2021-01-14', 0.33333333333333, 20, NULL, 80, 40, 1.35, NULL, '2021-07-14 21:56:51', '2021-07-14 21:56:51'),
(478, 0, 15, '1', '2021-01-15', 0.33333333333333, 20, NULL, 80, 55, 1.35, NULL, '2021-07-14 21:57:04', '2021-07-14 21:57:04'),
(479, 0, 15, '1', '2021-01-16', 0.16666666666667, 10, NULL, 50, 0, 1.35, NULL, '2021-07-14 21:57:13', '2021-07-14 21:57:13'),
(480, 0, 15, '1', '2021-01-20', 0.16666666666667, 10, NULL, 80, 0, 1.35, NULL, '2021-07-14 21:57:29', '2021-07-14 21:57:29'),
(481, 0, 15, '1', '2021-01-21', 0.33333333333333, 20, NULL, 100, 40, 1.35, NULL, '2021-07-14 21:57:43', '2021-07-14 21:57:43'),
(482, 0, 15, '1', '2021-01-23', 0.33333333333333, 20, NULL, 70, 70, 1.35, NULL, '2021-07-14 21:57:54', '2021-07-14 21:57:54'),
(483, 0, 15, '1', '2021-01-25', 0.33333333333333, 20, NULL, 70, 70, 1.35, NULL, '2021-07-14 21:58:07', '2021-07-14 21:58:07'),
(484, 0, 15, '1', '2021-01-26', 0.33333333333333, 20, NULL, 100, 40, 1.35, NULL, '2021-07-14 21:58:15', '2021-07-14 21:58:15'),
(485, 0, 15, '1', '2021-01-27', 0.33333333333333, 20, NULL, 80, 40, 1.35, NULL, '2021-07-14 21:58:27', '2021-07-14 21:58:27'),
(486, 0, 15, '1', '2021-01-28', 0.33333333333333, 20, NULL, 110, 15, 1.35, NULL, '2021-07-14 22:02:51', '2021-07-14 22:02:51'),
(487, 0, 15, '1', '2021-01-29', 0.33333333333333, 20, NULL, 80, 40, 1.35, NULL, '2021-07-14 22:02:59', '2021-07-14 22:02:59'),
(488, 0, 15, '1', '2021-01-30', 0.33333333333333, 20, NULL, 40, 80, 1.35, NULL, '2021-07-14 22:03:09', '2021-07-14 22:03:09'),
(489, 0, 15, '1', '2021-01-31', 0.16666666666667, 10, NULL, 40, 0, 1.35, NULL, '2021-07-14 22:03:21', '2021-07-14 22:03:21'),
(490, 0, 15, '1', '2021-02-02', 0.33333333333333, 20, NULL, 80, 16, 1.35, NULL, '2021-07-14 22:03:35', '2021-07-14 22:03:35'),
(491, 0, 15, '1', '2021-02-03', 0.33333333333333, 20, NULL, 80, 30, 1.35, NULL, '2021-07-14 22:03:45', '2021-07-14 22:03:45'),
(492, 0, 15, '1', '2021-02-04', 0.16666666666667, 10, NULL, 55, 0, 1.35, NULL, '2021-07-14 22:03:54', '2021-07-14 22:03:54'),
(493, 0, 15, '1', '2021-02-05', 0.16666666666667, 10, NULL, 110, 0, 1.35, NULL, '2021-07-14 22:04:04', '2021-07-14 22:04:04'),
(494, 0, 15, '1', '2021-02-06', 0.33333333333333, 20, NULL, 80, 55, 1.35, NULL, '2021-07-14 22:04:13', '2021-07-14 22:04:13'),
(495, 0, 15, '1', '2021-02-07', 0.33333333333333, 20, NULL, 40, 0, 1.35, NULL, '2021-07-14 22:04:28', '2021-07-14 22:04:28'),
(496, 0, 15, '1', '2021-02-08', 0.33333333333333, 20, NULL, 80, 15, 1.35, NULL, '2021-07-14 22:04:43', '2021-07-14 22:04:43'),
(497, 0, 15, '1', '2021-02-09', 0.33333333333333, 20, NULL, 40, 80, 1.35, NULL, '2021-07-14 22:04:54', '2021-07-14 22:04:54'),
(498, 0, 15, '1', '2021-02-10', 0.33333333333333, 20, NULL, 80, 50, 1.35, NULL, '2021-07-14 22:05:05', '2021-07-14 22:05:05'),
(499, 0, 15, '1', '2021-02-11', 0.16666666666667, 10, NULL, 80, 0, 1.35, NULL, '2021-07-14 22:05:30', '2021-07-14 22:05:30'),
(500, 0, 15, '1', '2021-02-12', 0.16666666666667, 10, NULL, 80, 0, 1.35, NULL, '2021-07-14 22:05:44', '2021-07-14 22:05:44'),
(501, 0, 15, '1', '2021-02-13', 0.33333333333333, 20, NULL, 40, 40, 1.35, NULL, '2021-07-14 22:05:56', '2021-07-14 22:05:56'),
(502, 0, 15, '1', '2021-02-14', 0.16666666666667, 10, NULL, 0, 40, 1.35, NULL, '2021-07-14 22:06:07', '2021-07-14 22:06:07'),
(503, 0, 15, '1', '2021-02-15', 0.33333333333333, 20, NULL, 80, 40, 1.35, NULL, '2021-07-14 22:10:31', '2021-07-14 22:10:31'),
(504, 0, 15, '1', '2021-02-16', 0.16666666666667, 10, NULL, 80, 0, 1.35, NULL, '2021-07-14 22:10:42', '2021-07-14 22:10:42'),
(505, 0, 15, '1', '2021-02-17', 0.16666666666667, 10, NULL, 0, 40, 1.35, NULL, '2021-07-14 22:10:51', '2021-07-14 22:10:51'),
(506, 0, 15, '1', '2021-02-18', 0.33333333333333, 20, NULL, 100, 40, 1.35, NULL, '2021-07-14 22:11:01', '2021-07-14 22:11:01'),
(507, 0, 15, '1', '2021-02-19', 0.16666666666667, 10, NULL, 110, 0, 1.35, NULL, '2021-07-14 22:11:10', '2021-07-14 22:11:10'),
(508, 0, 15, '1', '2021-02-20', 0.16666666666667, 10, NULL, 100, 0, 1.35, NULL, '2021-07-14 22:11:22', '2021-07-14 22:11:22'),
(509, 0, 15, '1', '2021-02-21', 0.16666666666667, 10, NULL, 50, 0, 1.35, NULL, '2021-07-14 22:11:30', '2021-07-14 22:11:30'),
(510, 0, 15, '1', '2021-02-22', 0.16666666666667, 10, NULL, 0, 70, 1.35, NULL, '2021-07-14 22:11:40', '2021-07-14 22:11:40'),
(511, 0, 15, '1', '2021-02-23', 0.33333333333333, 20, NULL, 50, 60, 1.35, NULL, '2021-07-14 22:11:52', '2021-07-14 22:11:52'),
(512, 0, 15, '1', '2021-02-24', 0.33333333333333, 20, NULL, 50, 40, 1.35, NULL, '2021-07-14 22:11:59', '2021-07-14 22:11:59'),
(513, 0, 15, '1', '2021-02-25', 0.33333333333333, 20, NULL, 100, 15, 1.35, NULL, '2021-07-14 22:12:06', '2021-07-14 22:12:06'),
(514, 0, 15, '1', '2021-02-26', 0.16666666666667, 10, NULL, 70, 0, 1.35, NULL, '2021-07-14 22:12:16', '2021-07-14 22:12:16'),
(515, 0, 15, '1', '2021-02-27', 0.33333333333333, 20, NULL, 40, 40, 1.35, NULL, '2021-07-14 22:12:30', '2021-07-14 22:12:30'),
(516, 0, 15, '1', '2021-02-28', 0.16666666666667, 10, NULL, 30, 0, 1.35, NULL, '2021-07-14 22:12:38', '2021-07-14 22:12:38'),
(518, 0, 15, '1', '2021-03-01', 0.33333333333333, 20, NULL, 100, 40, 1.35, NULL, '2021-07-14 22:21:16', '2021-07-14 22:21:16'),
(519, 0, 15, '1', '2021-03-02', 0.33333333333333, 20, NULL, 80, 60, 1.35, NULL, '2021-07-14 22:21:24', '2021-07-14 22:21:24'),
(520, 0, 15, '1', '2021-03-03', 0.16666666666667, 10, NULL, 80, 0, 1.35, NULL, '2021-07-14 22:21:33', '2021-07-14 22:21:33'),
(521, 0, 15, '1', '2021-03-04', 0.16666666666667, 10, NULL, 80, 0, 1.35, NULL, '2021-07-14 22:21:39', '2021-07-14 22:21:39'),
(522, 0, 15, '1', '2021-03-05', 0.16666666666667, 10, NULL, 80, 15, 1.35, NULL, '2021-07-14 22:21:52', '2021-07-14 22:21:52'),
(523, 0, 15, '1', '2021-03-06', 0.16666666666667, 10, NULL, 40, 0, 1.35, NULL, '2021-07-14 22:21:59', '2021-07-14 22:21:59'),
(524, 0, 15, '1', '2021-03-08', 0.16666666666667, 10, NULL, 50, 0, 1.35, NULL, '2021-07-14 22:23:16', '2021-07-14 22:23:16'),
(525, 0, 15, '1', '2021-03-09', 0.33333333333333, 20, NULL, 70, 30, 1.35, NULL, '2021-07-14 22:23:26', '2021-07-14 22:23:26'),
(526, 0, 15, '1', '2021-03-10', 0.16666666666667, 10, NULL, 80, 0, 1.35, NULL, '2021-07-14 22:23:43', '2021-07-14 22:23:43'),
(527, 0, 15, '1', '2021-03-11', 0.16666666666667, 10, NULL, 30, 0, 1.35, NULL, '2021-07-14 22:23:52', '2021-07-14 22:23:52'),
(528, 0, 15, '1', '2021-03-12', 0.33333333333333, 20, NULL, 40, 40, 1.35, NULL, '2021-07-14 22:24:02', '2021-07-14 22:24:02'),
(529, 0, 15, '1', '2021-03-13', 0.16666666666667, 10, NULL, 0, 50, 1.35, NULL, '2021-07-14 22:24:16', '2021-07-14 22:24:16'),
(530, 0, 15, '1', '2021-03-16', 0.16666666666667, 10, NULL, 0, 40, 1.35, NULL, '2021-07-14 22:24:29', '2021-07-14 22:24:29'),
(531, 0, 15, '1', '2021-03-17', 0.33333333333333, 20, NULL, 70, 15, 1.35, NULL, '2021-07-14 22:24:38', '2021-07-14 22:24:38'),
(533, 0, 15, '1', '2021-03-18', 0.16666666666667, 10, NULL, 70, 15, 1.35, NULL, '2021-07-14 22:26:29', '2021-07-14 22:26:29'),
(534, 0, 15, '1', '2021-03-20', 0.16666666666667, 10, NULL, 10, 0, 1.35, NULL, '2021-07-14 22:27:01', '2021-07-14 22:27:01'),
(535, 0, 15, '1', '2021-03-22', 0.16666666666667, 10, NULL, 15, 0, 1.35, NULL, '2021-07-14 22:27:11', '2021-07-14 22:27:11'),
(536, 0, 15, '1', '2021-03-23', 0.33333333333333, 20, NULL, 35, 30, 1.35, NULL, '2021-07-14 22:27:23', '2021-07-14 22:27:23'),
(537, 0, 15, '1', '2021-03-24', 0.16666666666667, 10, NULL, 15, 0, 1.35, NULL, '2021-07-14 22:27:32', '2021-07-14 22:27:32'),
(538, 0, 15, '1', '2021-03-25', 0.33333333333333, 20, NULL, 25, 30, 1.35, NULL, '2021-07-14 22:27:41', '2021-07-14 22:27:41'),
(539, 0, 15, '1', '2021-03-26', 0.33333333333333, 20, NULL, 40, 30, 1.35, NULL, '2021-07-14 22:27:51', '2021-07-14 22:27:51'),
(540, 0, 15, '1', '2021-03-27', 0.33333333333333, 20, NULL, 50, 30, 1.35, NULL, '2021-07-14 22:28:04', '2021-07-14 22:28:04'),
(541, 0, 15, '1', '2021-03-30', 0.16666666666667, 10, NULL, 40, 0, 1.35, NULL, '2021-07-14 22:28:21', '2021-07-14 22:28:21'),
(542, 0, 15, '1', '2021-03-31', 0.16666666666667, 10, NULL, 0, 15, 1.35, NULL, '2021-07-14 22:28:36', '2021-07-14 22:28:36'),
(543, 0, 15, '1', '2021-04-01', 0.16666666666667, 10, NULL, 40, 0, 1.35, NULL, '2021-07-14 22:28:44', '2021-07-14 22:28:44'),
(544, 0, 15, '1', '2021-04-02', 0.33333333333333, 20, NULL, 70, 20, 1.35, NULL, '2021-07-14 22:30:27', '2021-07-14 22:30:27'),
(545, 0, 15, '1', '2021-04-03', 0.16666666666667, 10, NULL, 0, 5, 1.35, NULL, '2021-07-14 22:30:35', '2021-07-14 22:30:35'),
(546, 0, 15, '1', '2021-04-05', 0.33333333333333, 20, NULL, 40, 20, 1.35, NULL, '2021-07-14 22:30:46', '2021-07-14 22:30:46'),
(547, 0, 15, '1', '2021-04-06', 0.16666666666667, 10, NULL, 80, 0, 1.35, NULL, '2021-07-14 22:30:58', '2021-07-14 22:30:58'),
(548, 0, 15, '1', '2021-04-07', 0.16666666666667, 10, NULL, 0, 6, 1.35, NULL, '2021-07-14 22:31:20', '2021-07-14 22:31:20'),
(549, 0, 15, '1', '2021-04-08', 0.33333333333333, 20, NULL, 40, 10, 1.35, NULL, '2021-07-14 22:31:30', '2021-07-14 22:31:30'),
(550, 0, 15, '1', '2021-04-09', 0.16666666666667, 10, NULL, 0, 40, 1.35, NULL, '2021-07-14 22:31:41', '2021-07-14 22:31:41'),
(551, 0, 15, '1', '2021-04-13', 0.33333333333333, 20, NULL, 40, 40, 1.35, NULL, '2021-07-14 22:31:57', '2021-07-14 22:31:57'),
(552, 0, 15, '1', '2021-04-14', 0.16666666666667, 10, NULL, 0, 40, 1.35, NULL, '2021-07-14 22:32:08', '2021-07-14 22:32:08'),
(553, 0, 15, '1', '2021-04-15', 0.16666666666667, 10, NULL, 40, 0, 1.35, NULL, '2021-07-14 22:32:21', '2021-07-14 22:32:21'),
(554, 0, 15, '1', '2021-04-16', 0.33333333333333, 20, NULL, 40, 60, 1.35, NULL, '2021-07-14 22:32:32', '2021-07-14 22:32:32'),
(555, 0, 15, '1', '2021-04-17', 0.33333333333333, 20, NULL, 40, 0, 1.35, NULL, '2021-07-14 22:32:40', '2021-07-14 22:32:40'),
(556, 0, 15, '1', '2021-04-19', 0.33333333333333, 20, NULL, 40, 40, 1.35, NULL, '2021-07-14 22:32:49', '2021-07-14 22:32:49'),
(557, 0, 15, '1', '2021-04-20', 0.33333333333333, 20, NULL, 40, 40, 1.35, NULL, '2021-07-14 22:33:02', '2021-07-14 22:33:02'),
(558, 0, 15, '1', '2021-04-21', 0.33333333333333, 20, NULL, 30, 40, 1.35, NULL, '2021-07-14 22:33:19', '2021-07-14 22:33:19'),
(559, 0, 15, '1', '2021-04-22', 0.33333333333333, 20, NULL, 40, 40, 1.35, NULL, '2021-07-14 22:34:15', '2021-07-14 22:34:15'),
(560, 0, 15, '1', '2021-04-23', 0.33333333333333, 20, NULL, 40, 40, 1.35, NULL, '2021-07-14 22:34:23', '2021-07-14 22:34:23'),
(561, 0, 15, '1', '2021-04-24', 0.16666666666667, 10, NULL, 40, 0, 1.35, NULL, '2021-07-14 22:34:32', '2021-07-14 22:34:32'),
(562, 0, 15, '1', '2021-04-26', 0.33333333333333, 20, NULL, 40, 40, 1.35, NULL, '2021-07-14 22:34:59', '2021-07-14 22:34:59'),
(563, 0, 15, '1', '2021-04-27', 0.16666666666667, 10, NULL, 40, 0, 1.35, NULL, '2021-07-14 22:35:10', '2021-07-14 22:35:10'),
(564, 0, 15, '1', '2021-04-28', 0.33333333333333, 20, NULL, 40, 40, 1.35, NULL, '2021-07-14 22:35:22', '2021-07-14 22:35:22'),
(565, 0, 15, '1', '2021-04-29', 0.16666666666667, 10, NULL, 40, 0, 1.35, NULL, '2021-07-14 22:35:37', '2021-07-14 22:35:37'),
(566, 0, 15, '1', '2021-04-30', 0.33333333333333, 20, NULL, 40, 40, 1.35, NULL, '2021-07-14 22:35:53', '2021-07-14 22:35:53'),
(567, 0, 15, '1', '2021-05-01', 0.33333333333333, 20, NULL, 40, 40, 1.35, NULL, '2021-07-14 22:36:09', '2021-07-14 22:36:09'),
(568, 0, 15, '1', '2021-05-03', 0.16666666666667, 10, NULL, 40, 0, 1.35, NULL, '2021-07-14 22:36:37', '2021-07-14 22:36:37'),
(569, 0, 15, '1', '2021-05-06', 0.33333333333333, 20, NULL, 20, 20, 1.35, NULL, '2021-07-14 22:36:48', '2021-07-14 22:36:48'),
(570, 0, 15, '1', '2021-05-10', 0.16666666666667, 10, NULL, 30, 0, 1.35, NULL, '2021-07-14 22:37:04', '2021-07-14 22:37:04'),
(571, 0, 15, '1', '2021-05-11', 0.16666666666667, 10, NULL, 30, 0, 1.35, NULL, '2021-07-14 22:41:27', '2021-07-14 22:41:27'),
(572, 0, 15, '1', '2021-05-24', 0.16666666666667, 10, NULL, 20, 0, 1.35, NULL, '2021-07-14 22:48:14', '2021-07-14 22:48:14'),
(573, 0, 15, '1', '2021-05-26', 0.16666666666667, 10, NULL, 20, 0, 1.35, NULL, '2021-07-14 22:48:20', '2021-07-14 22:48:20'),
(574, 0, 15, '1', '2021-05-27', 0.16666666666667, 10, NULL, 20, 0, 1.35, NULL, '2021-07-14 22:48:28', '2021-07-14 22:48:28'),
(575, 0, 15, '1', '2021-05-28', 0.16666666666667, 10, NULL, 26, 0, 1.35, NULL, '2021-07-14 22:48:41', '2021-07-14 22:48:41'),
(576, 0, 15, '1', '2021-05-29', 0.16666666666667, 10, NULL, 20, 0, 1.35, NULL, '2021-07-14 22:48:50', '2021-07-14 22:48:50'),
(577, 0, 15, '1', '2021-06-02', 0.16666666666667, 10, NULL, 25, 0, 1.35, NULL, '2021-07-14 22:49:07', '2021-07-14 22:49:07'),
(578, 0, 15, '1', '2021-06-03', 0.16666666666667, 10, NULL, 25, 0, 1.35, NULL, '2021-07-14 22:49:19', '2021-07-14 22:49:19'),
(579, 0, 15, '1', '2021-06-08', 0.16666666666667, 10, NULL, 25, 0, 1.35, NULL, '2021-07-14 22:49:28', '2021-07-14 22:49:28'),
(580, 0, 7, '1', '2021-06-10', 8.3333333333333, 500, NULL, 1706, 1706, 1.6, NULL, '2021-07-23 21:51:27', '2021-07-23 21:51:27'),
(581, 22, NULL, '2', '2021-01-01', 0.33333333333333, 20, 10, NULL, NULL, NULL, 'Ed', '2021-07-23 23:24:43', '2021-07-23 23:24:43'),
(582, 22, NULL, '2', '2021-02-01', 0.33333333333333, 20, 11, NULL, NULL, NULL, 'Ed', '2021-07-23 23:26:43', '2021-07-23 23:26:43'),
(583, 22, NULL, '2', '2021-03-01', 0.33333333333333, 20, 15, NULL, NULL, NULL, 'Ed', '2021-07-23 23:28:11', '2021-07-23 23:28:11'),
(584, 22, NULL, '2', '2021-04-01', 0.33333333333333, 20, 15, NULL, NULL, NULL, 'Ed', '2021-07-23 23:29:17', '2021-07-23 23:29:17'),
(585, 22, NULL, '2', '2021-05-01', 0.41666666666667, 25, 20, NULL, NULL, NULL, 'Ar', '2021-07-23 23:30:53', '2021-07-23 23:30:53'),
(586, 22, NULL, '2', '2021-06-01', 0.41666666666667, 25, 20, NULL, NULL, NULL, 'Ar', '2021-07-23 23:31:05', '2021-07-23 23:31:05'),
(587, 0, 7, '1', '2021-06-25', 1.6666666666667, 100, NULL, 200, 48, 1.5, 'Ed', '2021-07-24 03:12:58', '2021-07-24 03:12:58'),
(588, 0, 17, '1', '2021-07-23', 0.083333333333333, 5, NULL, 10, 10, 1.5, NULL, '2021-07-24 05:30:16', '2021-07-24 05:30:16'),
(589, 0, 17, '1', '2021-07-24', 0.083333333333333, 5, NULL, 10, 10, 1.5, NULL, '2021-07-24 05:33:23', '2021-07-24 05:33:23'),
(590, 0, 7, '1', '2021-08-04', 0.16666666666667, 10, NULL, 100, NULL, 1.3, NULL, '2021-08-20 20:36:22', '2021-08-20 20:36:22');

-- --------------------------------------------------------

--
-- Estructura de tabla para la tabla `recursos_siembras`
--

CREATE TABLE `recursos_siembras` (
  `id` int(11) NOT NULL,
  `id_registro` int(11) NOT NULL,
  `id_siembra` int(11) NOT NULL,
  `created_at` timestamp NOT NULL DEFAULT current_timestamp() ON UPDATE current_timestamp(),
  `updated_at` timestamp NOT NULL DEFAULT current_timestamp()
) ENGINE=InnoDB DEFAULT CHARSET=utf8mb4;

--
-- Volcado de datos para la tabla `recursos_siembras`
--

INSERT INTO `recursos_siembras` (`id`, `id_registro`, `id_siembra`, `created_at`, `updated_at`) VALUES
(1, 1, 2, '2021-06-22 03:09:03', '2021-06-22 03:09:03'),
(2, 2, 1, '2021-06-22 21:09:02', '2021-06-22 21:09:02'),
(3, 3, 3, '2021-06-24 21:42:07', '2021-06-24 21:42:07'),
(4, 4, 3, '2021-06-24 21:43:26', '2021-06-24 21:43:26'),
(5, 5, 3, '2021-06-24 21:43:54', '2021-06-24 21:43:54'),
(6, 6, 3, '2021-06-24 21:44:21', '2021-06-24 21:44:21'),
(7, 7, 3, '2021-06-24 21:44:41', '2021-06-24 21:44:41'),
(8, 8, 3, '2021-06-24 21:44:55', '2021-06-24 21:44:55'),
(9, 9, 3, '2021-06-24 23:58:53', '2021-06-24 23:58:53'),
(10, 10, 3, '2021-06-24 23:59:17', '2021-06-24 23:59:17'),
(11, 11, 3, '2021-06-24 23:59:36', '2021-06-24 23:59:36'),
(12, 12, 3, '2021-06-24 23:59:55', '2021-06-24 23:59:55'),
(13, 13, 3, '2021-06-25 00:00:17', '2021-06-25 00:00:17'),
(14, 14, 3, '2021-06-25 00:00:45', '2021-06-25 00:00:45'),
(16, 16, 3, '2021-06-25 00:05:17', '2021-06-25 00:05:17'),
(17, 17, 3, '2021-06-25 00:08:23', '2021-06-25 00:08:23'),
(18, 18, 3, '2021-06-25 00:08:35', '2021-06-25 00:08:35'),
(19, 19, 3, '2021-06-25 00:17:46', '2021-06-25 00:17:46'),
(20, 20, 3, '2021-06-25 00:17:57', '2021-06-25 00:17:57'),
(21, 21, 3, '2021-06-25 00:18:12', '2021-06-25 00:18:12'),
(22, 22, 3, '2021-06-25 00:18:40', '2021-06-25 00:18:40'),
(23, 23, 3, '2021-06-25 00:18:54', '2021-06-25 00:18:54'),
(24, 24, 3, '2021-06-25 00:33:01', '2021-06-25 00:33:01'),
(25, 25, 3, '2021-06-25 00:33:18', '2021-06-25 00:33:18'),
(26, 26, 3, '2021-06-25 00:33:35', '2021-06-25 00:33:35'),
(27, 27, 3, '2021-06-25 00:33:47', '2021-06-25 00:33:47'),
(28, 28, 3, '2021-06-25 00:34:05', '2021-06-25 00:34:05'),
(29, 29, 3, '2021-06-25 00:34:49', '2021-06-25 00:34:49'),
(30, 30, 3, '2021-06-25 00:35:08', '2021-06-25 00:35:08'),
(31, 31, 3, '2021-06-25 00:35:16', '2021-06-25 00:35:16'),
(32, 32, 3, '2021-06-25 00:35:29', '2021-06-25 00:35:29'),
(33, 33, 3, '2021-06-25 00:35:45', '2021-06-25 00:35:45'),
(34, 34, 3, '2021-06-25 00:36:06', '2021-06-25 00:36:06'),
(35, 35, 3, '2021-06-25 00:36:23', '2021-06-25 00:36:23'),
(36, 36, 3, '2021-06-25 00:36:38', '2021-06-25 00:36:38'),
(37, 37, 3, '2021-06-25 00:36:52', '2021-06-25 00:36:52'),
(38, 38, 3, '2021-06-25 00:38:43', '2021-06-25 00:38:43'),
(39, 39, 3, '2021-06-25 00:38:58', '2021-06-25 00:38:58'),
(40, 40, 3, '2021-06-25 00:39:12', '2021-06-25 00:39:12'),
(41, 41, 3, '2021-06-25 00:39:51', '2021-06-25 00:39:51'),
(42, 42, 3, '2021-06-25 00:46:38', '2021-06-25 00:46:38'),
(43, 43, 3, '2021-06-25 00:46:49', '2021-06-25 00:46:49'),
(44, 44, 3, '2021-06-25 00:47:06', '2021-06-25 00:47:06'),
(45, 45, 3, '2021-06-25 00:47:29', '2021-06-25 00:47:29'),
(46, 46, 3, '2021-06-25 00:48:18', '2021-06-25 00:48:18'),
(47, 47, 3, '2021-06-25 00:48:31', '2021-06-25 00:48:31'),
(48, 48, 3, '2021-06-25 00:48:46', '2021-06-25 00:48:46'),
(49, 49, 3, '2021-06-25 00:49:05', '2021-06-25 00:49:05'),
(50, 50, 3, '2021-06-25 00:49:18', '2021-06-25 00:49:18'),
(51, 51, 3, '2021-06-25 00:49:32', '2021-06-25 00:49:32'),
(52, 52, 3, '2021-06-25 00:51:00', '2021-06-25 00:51:00'),
(53, 53, 3, '2021-06-25 00:51:16', '2021-06-25 00:51:16'),
(54, 54, 3, '2021-06-25 00:51:29', '2021-06-25 00:51:29'),
(55, 55, 3, '2021-06-25 00:52:22', '2021-06-25 00:52:22'),
(56, 56, 3, '2021-06-25 00:52:59', '2021-06-25 00:52:59'),
(57, 57, 3, '2021-06-25 00:53:15', '2021-06-25 00:53:15'),
(58, 58, 3, '2021-06-25 00:53:26', '2021-06-25 00:53:26'),
(59, 59, 3, '2021-06-25 00:53:40', '2021-06-25 00:53:40'),
(60, 60, 3, '2021-06-25 00:54:09', '2021-06-25 00:54:09'),
(61, 61, 3, '2021-06-25 00:54:22', '2021-06-25 00:54:22'),
(62, 62, 3, '2021-06-25 01:00:25', '2021-06-25 01:00:25'),
(63, 63, 3, '2021-06-25 01:00:39', '2021-06-25 01:00:39'),
(64, 64, 3, '2021-06-25 01:00:49', '2021-06-25 01:00:49'),
(65, 65, 3, '2021-06-25 01:01:01', '2021-06-25 01:01:01'),
(66, 66, 3, '2021-06-25 01:01:11', '2021-06-25 01:01:11'),
(67, 67, 3, '2021-06-25 01:01:23', '2021-06-25 01:01:23'),
(68, 68, 3, '2021-06-25 01:01:42', '2021-06-25 01:01:42'),
(69, 69, 3, '2021-06-25 01:01:53', '2021-06-25 01:01:53'),
(70, 70, 3, '2021-06-25 01:02:04', '2021-06-25 01:02:04'),
(71, 71, 3, '2021-06-25 01:02:12', '2021-06-25 01:02:12'),
(72, 72, 3, '2021-06-25 01:02:24', '2021-06-25 01:02:24'),
(73, 73, 3, '2021-06-25 01:02:41', '2021-06-25 01:02:41'),
(74, 74, 3, '2021-06-25 01:02:54', '2021-06-25 01:02:54'),
(75, 75, 3, '2021-06-25 01:03:21', '2021-06-25 01:03:21'),
(76, 76, 3, '2021-06-25 01:05:05', '2021-06-25 01:05:05'),
(77, 77, 3, '2021-06-25 01:06:24', '2021-06-25 01:06:24'),
(78, 78, 3, '2021-06-25 01:06:35', '2021-06-25 01:06:35'),
(79, 79, 3, '2021-06-25 01:07:06', '2021-06-25 01:07:06'),
(80, 80, 3, '2021-06-25 01:07:19', '2021-06-25 01:07:19'),
(81, 81, 3, '2021-06-25 01:07:32', '2021-06-25 01:07:32'),
(82, 82, 3, '2021-06-25 01:07:42', '2021-06-25 01:07:42'),
(83, 83, 3, '2021-06-25 01:07:59', '2021-06-25 01:07:59'),
(84, 84, 3, '2021-06-25 01:08:16', '2021-06-25 01:08:16'),
(85, 85, 3, '2021-06-25 01:08:29', '2021-06-25 01:08:29'),
(86, 86, 3, '2021-06-25 01:08:42', '2021-06-25 01:08:42'),
(87, 87, 3, '2021-06-25 01:08:53', '2021-06-25 01:08:53'),
(88, 88, 3, '2021-06-25 01:09:04', '2021-06-25 01:09:04'),
(89, 89, 3, '2021-06-25 01:09:12', '2021-06-25 01:09:12'),
(90, 90, 3, '2021-06-25 01:09:23', '2021-06-25 01:09:23'),
(91, 91, 3, '2021-06-25 01:09:40', '2021-06-25 01:09:40'),
(92, 92, 3, '2021-06-25 01:24:14', '2021-06-25 01:24:14'),
(93, 93, 3, '2021-06-25 01:24:28', '2021-06-25 01:24:28'),
(94, 94, 3, '2021-06-25 01:24:39', '2021-06-25 01:24:39'),
(95, 95, 3, '2021-06-25 01:25:34', '2021-06-25 01:25:34'),
(96, 96, 3, '2021-06-25 01:25:47', '2021-06-25 01:25:47'),
(97, 97, 3, '2021-06-25 01:25:56', '2021-06-25 01:25:56'),
(98, 98, 3, '2021-06-25 01:26:35', '2021-06-25 01:26:35'),
(99, 99, 3, '2021-06-25 01:27:22', '2021-06-25 01:27:22'),
(100, 100, 3, '2021-06-25 01:27:37', '2021-06-25 01:27:37'),
(101, 101, 3, '2021-06-25 01:27:47', '2021-06-25 01:27:47'),
(102, 102, 3, '2021-06-25 01:27:58', '2021-06-25 01:27:58'),
(103, 103, 3, '2021-06-25 01:28:05', '2021-06-25 01:28:05'),
(104, 104, 3, '2021-06-25 01:28:16', '2021-06-25 01:28:16'),
(105, 105, 3, '2021-06-25 01:28:27', '2021-06-25 01:28:27'),
(106, 106, 3, '2021-06-25 01:28:42', '2021-06-25 01:28:42'),
(107, 107, 3, '2021-06-25 01:29:14', '2021-06-25 01:29:14'),
(108, 108, 3, '2021-06-25 01:29:25', '2021-06-25 01:29:25'),
(109, 109, 3, '2021-06-25 01:29:45', '2021-06-25 01:29:45'),
(110, 110, 3, '2021-06-25 01:29:55', '2021-06-25 01:29:55'),
(111, 111, 3, '2021-06-25 01:30:06', '2021-06-25 01:30:06'),
(112, 112, 3, '2021-06-25 01:30:24', '2021-06-25 01:30:24'),
(113, 113, 3, '2021-06-25 01:30:33', '2021-06-25 01:30:33'),
(114, 114, 3, '2021-06-25 01:30:44', '2021-06-25 01:30:44'),
(115, 115, 3, '2021-06-25 01:31:05', '2021-06-25 01:31:05'),
(116, 116, 3, '2021-06-25 01:33:26', '2021-06-25 01:33:26'),
(117, 117, 3, '2021-06-25 01:33:40', '2021-06-25 01:33:40'),
(118, 118, 3, '2021-06-25 01:33:57', '2021-06-25 01:33:57'),
(119, 119, 3, '2021-06-25 01:34:19', '2021-06-25 01:34:19'),
(120, 120, 3, '2021-06-25 01:34:28', '2021-06-25 01:34:28'),
(121, 121, 3, '2021-06-25 01:34:37', '2021-06-25 01:34:37'),
(122, 122, 3, '2021-06-25 01:34:48', '2021-06-25 01:34:48'),
(123, 123, 3, '2021-06-25 01:35:13', '2021-06-25 01:35:13'),
(124, 124, 3, '2021-06-25 01:35:32', '2021-06-25 01:35:32'),
(125, 125, 3, '2021-06-25 01:35:44', '2021-06-25 01:35:44'),
(126, 126, 3, '2021-06-25 01:35:57', '2021-06-25 01:35:57'),
(127, 127, 3, '2021-06-25 01:42:24', '2021-06-25 01:42:24'),
(128, 128, 3, '2021-06-25 01:42:36', '2021-06-25 01:42:36'),
(129, 129, 3, '2021-06-25 01:42:53', '2021-06-25 01:42:53'),
(130, 130, 3, '2021-06-25 01:43:04', '2021-06-25 01:43:04'),
(131, 131, 3, '2021-06-25 01:43:18', '2021-06-25 01:43:18'),
(132, 132, 3, '2021-06-25 01:43:32', '2021-06-25 01:43:32'),
(133, 133, 3, '2021-06-25 01:43:47', '2021-06-25 01:43:47'),
(134, 134, 3, '2021-06-25 01:44:05', '2021-06-25 01:44:05'),
(135, 135, 3, '2021-06-25 01:44:21', '2021-06-25 01:44:21'),
(136, 136, 3, '2021-06-25 01:44:34', '2021-06-25 01:44:34'),
(137, 137, 3, '2021-06-25 01:44:56', '2021-06-25 01:44:56'),
(138, 138, 3, '2021-06-25 01:45:05', '2021-06-25 01:45:05'),
(139, 139, 3, '2021-06-25 01:45:18', '2021-06-25 01:45:18'),
(140, 140, 3, '2021-06-25 01:45:32', '2021-06-25 01:45:32'),
(141, 141, 3, '2021-06-25 01:45:44', '2021-06-25 01:45:44'),
(142, 142, 3, '2021-06-25 01:46:15', '2021-06-25 01:46:15'),
(143, 143, 3, '2021-06-25 01:46:29', '2021-06-25 01:46:29'),
(144, 144, 3, '2021-06-25 01:46:49', '2021-06-25 01:46:49'),
(145, 145, 3, '2021-06-25 02:52:42', '2021-06-25 02:52:42'),
(146, 146, 3, '2021-06-25 02:52:55', '2021-06-25 02:52:55'),
(147, 147, 3, '2021-06-25 03:00:14', '2021-06-25 03:00:14'),
(148, 148, 3, '2021-06-25 03:00:49', '2021-06-25 03:00:49'),
(149, 149, 3, '2021-06-25 03:00:53', '2021-06-25 03:00:53'),
(150, 150, 3, '2021-06-25 03:00:55', '2021-06-25 03:00:55'),
(151, 151, 3, '2021-06-25 03:02:11', '2021-06-25 03:02:11'),
(152, 152, 3, '2021-06-25 03:36:01', '2021-06-25 03:36:01'),
(154, 155, 3, '2021-07-09 01:25:32', '2021-07-09 01:25:32'),
(155, 186, 3, '2021-07-09 02:23:02', '2021-07-09 02:23:02'),
(156, 196, 3, '2021-07-09 02:26:35', '2021-07-09 02:26:35'),
(157, 197, 3, '2021-07-09 02:28:56', '2021-07-09 02:28:56'),
(158, 198, 3, '2021-07-09 02:29:19', '2021-07-09 02:29:19'),
(159, 202, 3, '2021-07-09 02:36:01', '2021-07-09 02:36:01'),
(160, 203, 3, '2021-07-09 02:36:58', '2021-07-09 02:36:58'),
(161, 227, 3, '2021-07-09 02:42:56', '2021-07-09 02:42:56'),
(162, 228, 3, '2021-07-09 02:48:27', '2021-07-09 02:48:27'),
(163, 229, 3, '2021-07-09 02:48:46', '2021-07-09 02:48:46'),
(164, 230, 3, '2021-07-09 02:50:39', '2021-07-09 02:50:39'),
(165, 231, 3, '2021-07-09 02:51:00', '2021-07-09 02:51:00'),
(166, 232, 3, '2021-07-09 02:51:23', '2021-07-09 02:51:23'),
(167, 233, 3, '2021-07-09 02:52:14', '2021-07-09 02:52:14'),
(168, 234, 3, '2021-07-09 02:53:35', '2021-07-09 02:53:35'),
(169, 235, 3, '2021-07-09 02:54:07', '2021-07-09 02:54:07'),
(170, 236, 3, '2021-07-09 02:54:32', '2021-07-09 02:54:32'),
(171, 237, 3, '2021-07-09 02:56:10', '2021-07-09 02:56:10'),
(172, 238, 3, '2021-07-09 02:56:35', '2021-07-09 02:56:35'),
(173, 239, 3, '2021-07-09 02:57:07', '2021-07-09 02:57:07'),
(174, 240, 3, '2021-07-09 02:57:44', '2021-07-09 02:57:44'),
(175, 241, 3, '2021-07-09 02:58:23', '2021-07-09 02:58:23'),
(176, 242, 3, '2021-07-09 02:58:31', '2021-07-09 02:58:31'),
(177, 243, 3, '2021-07-09 02:59:00', '2021-07-09 02:59:00'),
(178, 244, 3, '2021-07-09 02:59:05', '2021-07-09 02:59:05'),
(179, 245, 3, '2021-07-09 02:59:32', '2021-07-09 02:59:32'),
(180, 246, 3, '2021-07-09 02:59:44', '2021-07-09 02:59:44'),
(181, 247, 3, '2021-07-09 03:00:00', '2021-07-09 03:00:00'),
(182, 248, 3, '2021-07-09 03:00:39', '2021-07-09 03:00:39'),
(183, 249, 3, '2021-07-09 03:01:53', '2021-07-09 03:01:53'),
(184, 250, 3, '2021-07-09 03:03:02', '2021-07-09 03:03:02'),
(185, 251, 3, '2021-07-09 03:03:36', '2021-07-09 03:03:36'),
(186, 252, 3, '2021-07-09 03:04:37', '2021-07-09 03:04:37'),
(187, 253, 3, '2021-07-09 03:05:26', '2021-07-09 03:05:26'),
(188, 254, 3, '2021-07-09 03:07:37', '2021-07-09 03:07:37'),
(189, 262, 3, '2021-07-09 03:07:51', '2021-07-09 03:07:51'),
(190, 264, 3, '2021-07-09 03:08:15', '2021-07-09 03:08:15'),
(191, 267, 3, '2021-07-09 03:08:58', '2021-07-09 03:08:58'),
(192, 269, 3, '2021-07-09 03:09:21', '2021-07-09 03:09:21'),
(193, 270, 3, '2021-07-09 21:54:49', '2021-07-09 21:54:49'),
(194, 271, 3, '2021-07-09 21:55:27', '2021-07-09 21:55:27'),
(195, 272, 3, '2021-07-09 21:55:47', '2021-07-09 21:55:47'),
(196, 273, 3, '2021-07-09 21:56:15', '2021-07-09 21:56:15'),
(197, 274, 3, '2021-07-09 21:57:02', '2021-07-09 21:57:02'),
(202, 286, 3, '2021-07-10 00:21:49', '2021-07-10 00:21:49'),
(203, 290, 3, '2021-07-10 00:27:04', '2021-07-10 00:27:04'),
(204, 292, 3, '2021-07-10 00:28:37', '2021-07-10 00:28:37'),
(205, 293, 3, '2021-07-10 00:30:46', '2021-07-10 00:30:46'),
(206, 294, 3, '2021-07-10 00:31:37', '2021-07-10 00:31:37'),
(207, 295, 3, '2021-07-10 01:00:30', '2021-07-10 01:00:30'),
(208, 296, 3, '2021-07-10 01:01:30', '2021-07-10 01:01:30'),
(209, 297, 3, '2021-07-10 01:01:55', '2021-07-10 01:01:55'),
(210, 298, 3, '2021-07-10 01:06:38', '2021-07-10 01:06:38'),
(211, 299, 3, '2021-07-10 01:07:22', '2021-07-10 01:07:22'),
(212, 300, 3, '2021-07-10 01:07:47', '2021-07-10 01:07:47'),
(213, 301, 3, '2021-07-10 01:08:58', '2021-07-10 01:08:58'),
(214, 302, 3, '2021-07-10 01:09:23', '2021-07-10 01:09:23'),
(215, 303, 3, '2021-07-10 01:09:45', '2021-07-10 01:09:45'),
(216, 304, 3, '2021-07-10 01:10:04', '2021-07-10 01:10:04'),
(217, 305, 3, '2021-07-10 01:10:32', '2021-07-10 01:10:32'),
(218, 306, 3, '2021-07-10 01:11:02', '2021-07-10 01:11:02'),
(219, 307, 3, '2021-07-10 01:11:31', '2021-07-10 01:11:31'),
(220, 308, 3, '2021-07-10 01:12:18', '2021-07-10 01:12:18'),
(221, 309, 3, '2021-07-10 01:12:55', '2021-07-10 01:12:55'),
(222, 310, 3, '2021-07-10 01:13:29', '2021-07-10 01:13:29'),
(223, 311, 3, '2021-07-10 01:14:17', '2021-07-10 01:14:17'),
(224, 312, 3, '2021-07-10 01:14:42', '2021-07-10 01:14:42'),
(225, 313, 3, '2021-07-10 01:15:19', '2021-07-10 01:15:19'),
(226, 314, 3, '2021-07-10 01:16:11', '2021-07-10 01:16:11'),
(227, 315, 3, '2021-07-10 01:16:42', '2021-07-10 01:16:42'),
(228, 316, 3, '2021-07-10 01:18:32', '2021-07-10 01:18:32'),
(229, 317, 3, '2021-07-10 01:58:49', '2021-07-10 01:58:49'),
(230, 318, 3, '2021-07-10 01:59:06', '2021-07-10 01:59:06'),
(231, 319, 3, '2021-07-10 01:59:25', '2021-07-10 01:59:25'),
(232, 320, 3, '2021-07-10 02:01:13', '2021-07-10 02:01:13'),
(233, 321, 3, '2021-07-10 02:02:00', '2021-07-10 02:02:00'),
(234, 322, 3, '2021-07-10 02:02:27', '2021-07-10 02:02:27'),
(235, 323, 3, '2021-07-10 02:04:49', '2021-07-10 02:04:49'),
(236, 324, 3, '2021-07-10 02:05:27', '2021-07-10 02:05:27'),
(237, 325, 3, '2021-07-10 02:06:12', '2021-07-10 02:06:12'),
(238, 326, 3, '2021-07-10 02:06:51', '2021-07-10 02:06:51'),
(239, 327, 3, '2021-07-10 02:07:13', '2021-07-10 02:07:13'),
(240, 328, 3, '2021-07-10 02:07:38', '2021-07-10 02:07:38'),
(241, 329, 3, '2021-07-10 02:07:57', '2021-07-10 02:07:57'),
(242, 330, 3, '2021-07-10 02:09:37', '2021-07-10 02:09:37'),
(243, 331, 3, '2021-07-10 02:09:59', '2021-07-10 02:09:59'),
(244, 332, 3, '2021-07-10 02:10:22', '2021-07-10 02:10:22'),
(245, 333, 3, '2021-07-10 02:10:38', '2021-07-10 02:10:38'),
(246, 334, 3, '2021-07-10 02:11:02', '2021-07-10 02:11:02'),
(247, 335, 3, '2021-07-10 02:11:26', '2021-07-10 02:11:26'),
(248, 336, 3, '2021-07-10 02:11:51', '2021-07-10 02:11:51'),
(249, 337, 3, '2021-07-10 02:12:10', '2021-07-10 02:12:10'),
(250, 338, 3, '2021-07-10 02:12:31', '2021-07-10 02:12:31'),
(251, 339, 3, '2021-07-10 02:12:58', '2021-07-10 02:12:58'),
(252, 340, 3, '2021-07-10 02:13:13', '2021-07-10 02:13:13'),
(253, 341, 3, '2021-07-10 02:13:41', '2021-07-10 02:13:41'),
(254, 342, 3, '2021-07-10 02:14:03', '2021-07-10 02:14:03'),
(255, 343, 3, '2021-07-10 02:14:30', '2021-07-10 02:14:30'),
(256, 344, 3, '2021-07-10 02:15:16', '2021-07-10 02:15:16'),
(257, 345, 3, '2021-07-10 02:15:34', '2021-07-10 02:15:34'),
(258, 346, 3, '2021-07-10 02:15:49', '2021-07-10 02:15:49'),
(259, 347, 3, '2021-07-10 02:16:22', '2021-07-10 02:16:22'),
(260, 348, 3, '2021-07-10 02:39:53', '2021-07-10 02:39:53'),
(261, 349, 3, '2021-07-10 02:40:09', '2021-07-10 02:40:09'),
(262, 350, 3, '2021-07-10 02:41:30', '2021-07-10 02:41:30'),
(263, 351, 3, '2021-07-10 02:41:52', '2021-07-10 02:41:52'),
(264, 352, 3, '2021-07-10 02:42:19', '2021-07-10 02:42:19'),
(265, 353, 3, '2021-07-10 02:42:47', '2021-07-10 02:42:47'),
(266, 354, 3, '2021-07-10 02:43:09', '2021-07-10 02:43:09'),
(267, 355, 5, '2021-07-14 02:28:03', '2021-07-14 02:28:03'),
(268, 356, 5, '2021-07-14 02:28:59', '2021-07-14 02:28:59'),
(269, 357, 5, '2021-07-14 02:29:17', '2021-07-14 02:29:17'),
(270, 358, 5, '2021-07-14 02:30:42', '2021-07-14 02:30:42'),
(271, 359, 5, '2021-07-14 02:30:58', '2021-07-14 02:30:58'),
(272, 360, 5, '2021-07-14 02:31:09', '2021-07-14 02:31:09'),
(273, 361, 5, '2021-07-14 02:31:43', '2021-07-14 02:31:43'),
(274, 362, 5, '2021-07-14 02:33:05', '2021-07-14 02:33:05'),
(275, 363, 5, '2021-07-14 02:33:19', '2021-07-14 02:33:19'),
(317, 405, 5, '2021-07-14 21:21:36', '2021-07-14 21:21:36'),
(318, 406, 5, '2021-07-14 21:21:51', '2021-07-14 21:21:51'),
(319, 407, 5, '2021-07-14 21:22:03', '2021-07-14 21:22:03'),
(320, 408, 5, '2021-07-14 21:22:23', '2021-07-14 21:22:23'),
(321, 409, 5, '2021-07-14 21:22:36', '2021-07-14 21:22:36'),
(322, 410, 5, '2021-07-14 21:23:54', '2021-07-14 21:23:54'),
(323, 411, 5, '2021-07-14 21:24:04', '2021-07-14 21:24:04'),
(324, 412, 5, '2021-07-14 21:24:18', '2021-07-14 21:24:18'),
(325, 413, 5, '2021-07-14 21:24:27', '2021-07-14 21:24:27'),
(326, 414, 5, '2021-07-14 21:24:38', '2021-07-14 21:24:38'),
(327, 415, 5, '2021-07-14 21:24:52', '2021-07-14 21:24:52'),
(328, 416, 5, '2021-07-14 21:25:09', '2021-07-14 21:25:09'),
(329, 417, 5, '2021-07-14 21:25:16', '2021-07-14 21:25:16'),
(330, 418, 5, '2021-07-14 21:25:27', '2021-07-14 21:25:27'),
(331, 419, 5, '2021-07-14 21:25:35', '2021-07-14 21:25:35'),
(332, 420, 5, '2021-07-14 21:25:43', '2021-07-14 21:25:43'),
(333, 421, 5, '2021-07-14 21:25:54', '2021-07-14 21:25:54'),
(334, 422, 5, '2021-07-14 21:26:01', '2021-07-14 21:26:01'),
(335, 423, 5, '2021-07-14 21:26:12', '2021-07-14 21:26:12'),
(336, 424, 5, '2021-07-14 21:26:22', '2021-07-14 21:26:22'),
(337, 425, 5, '2021-07-14 21:26:32', '2021-07-14 21:26:32'),
(338, 426, 5, '2021-07-14 21:26:45', '2021-07-14 21:26:45'),
(339, 427, 5, '2021-07-14 21:26:58', '2021-07-14 21:26:58'),
(340, 428, 5, '2021-07-14 21:27:09', '2021-07-14 21:27:09'),
(341, 429, 5, '2021-07-14 21:27:25', '2021-07-14 21:27:25'),
(342, 430, 5, '2021-07-14 21:27:43', '2021-07-14 21:27:43'),
(343, 431, 5, '2021-07-14 21:27:52', '2021-07-14 21:27:52'),
(344, 432, 5, '2021-07-14 21:28:02', '2021-07-14 21:28:02'),
(345, 433, 5, '2021-07-14 21:28:16', '2021-07-14 21:28:16'),
(346, 434, 5, '2021-07-14 21:28:40', '2021-07-14 21:28:40'),
(347, 435, 5, '2021-07-14 21:28:48', '2021-07-14 21:28:48'),
(348, 436, 5, '2021-07-14 21:28:59', '2021-07-14 21:28:59'),
(349, 437, 5, '2021-07-14 21:29:09', '2021-07-14 21:29:09'),
(350, 438, 5, '2021-07-14 21:29:19', '2021-07-14 21:29:19'),
(351, 439, 5, '2021-07-14 21:29:31', '2021-07-14 21:29:31'),
(352, 440, 5, '2021-07-14 21:29:51', '2021-07-14 21:29:51'),
(353, 441, 5, '2021-07-14 21:30:13', '2021-07-14 21:30:13'),
(354, 442, 5, '2021-07-14 21:30:22', '2021-07-14 21:30:22'),
(355, 443, 5, '2021-07-14 21:30:30', '2021-07-14 21:30:30'),
(356, 444, 5, '2021-07-14 21:30:39', '2021-07-14 21:30:39'),
(357, 445, 5, '2021-07-14 21:31:50', '2021-07-14 21:31:50'),
(358, 446, 5, '2021-07-14 21:32:53', '2021-07-14 21:32:53'),
(359, 447, 6, '2021-07-14 21:50:08', '2021-07-14 21:50:08'),
(360, 448, 6, '2021-07-14 21:50:38', '2021-07-14 21:50:38'),
(361, 449, 6, '2021-07-14 21:50:50', '2021-07-14 21:50:50'),
(362, 450, 6, '2021-07-14 21:51:02', '2021-07-14 21:51:02'),
(363, 451, 6, '2021-07-14 21:51:13', '2021-07-14 21:51:13'),
(364, 452, 6, '2021-07-14 21:51:22', '2021-07-14 21:51:22'),
(365, 453, 6, '2021-07-14 21:51:43', '2021-07-14 21:51:43'),
(366, 454, 6, '2021-07-14 21:51:53', '2021-07-14 21:51:53'),
(367, 455, 6, '2021-07-14 21:52:05', '2021-07-14 21:52:05'),
(368, 456, 6, '2021-07-14 21:52:16', '2021-07-14 21:52:16'),
(369, 457, 6, '2021-07-14 21:52:56', '2021-07-14 21:52:56'),
(370, 458, 6, '2021-07-14 21:53:10', '2021-07-14 21:53:10'),
(371, 459, 6, '2021-07-14 21:53:33', '2021-07-14 21:53:33'),
(372, 460, 6, '2021-07-14 21:53:42', '2021-07-14 21:53:42'),
(373, 461, 6, '2021-07-14 21:53:52', '2021-07-14 21:53:52'),
(374, 462, 6, '2021-07-14 21:54:00', '2021-07-14 21:54:00'),
(375, 463, 6, '2021-07-14 21:54:10', '2021-07-14 21:54:10'),
(376, 464, 6, '2021-07-14 21:54:21', '2021-07-14 21:54:21'),
(377, 465, 6, '2021-07-14 21:54:31', '2021-07-14 21:54:31'),
(378, 466, 6, '2021-07-14 21:54:42', '2021-07-14 21:54:42'),
(379, 467, 6, '2021-07-14 21:55:02', '2021-07-14 21:55:02'),
(380, 468, 6, '2021-07-14 21:55:12', '2021-07-14 21:55:12'),
(381, 469, 6, '2021-07-14 21:55:24', '2021-07-14 21:55:24'),
(382, 470, 6, '2021-07-14 21:55:35', '2021-07-14 21:55:35'),
(383, 471, 6, '2021-07-14 21:55:47', '2021-07-14 21:55:47'),
(384, 472, 6, '2021-07-14 21:55:55', '2021-07-14 21:55:55'),
(385, 473, 6, '2021-07-14 21:56:02', '2021-07-14 21:56:02'),
(386, 474, 6, '2021-07-14 21:56:20', '2021-07-14 21:56:20'),
(387, 475, 6, '2021-07-14 21:56:30', '2021-07-14 21:56:30'),
(388, 476, 6, '2021-07-14 21:56:38', '2021-07-14 21:56:38'),
(389, 477, 6, '2021-07-14 21:56:51', '2021-07-14 21:56:51'),
(390, 478, 6, '2021-07-14 21:57:04', '2021-07-14 21:57:04'),
(391, 479, 6, '2021-07-14 21:57:13', '2021-07-14 21:57:13'),
(392, 480, 6, '2021-07-14 21:57:29', '2021-07-14 21:57:29'),
(393, 481, 6, '2021-07-14 21:57:43', '2021-07-14 21:57:43'),
(394, 482, 6, '2021-07-14 21:57:54', '2021-07-14 21:57:54'),
(395, 483, 6, '2021-07-14 21:58:07', '2021-07-14 21:58:07'),
(396, 484, 6, '2021-07-14 21:58:15', '2021-07-14 21:58:15'),
(397, 485, 6, '2021-07-14 21:58:27', '2021-07-14 21:58:27'),
(398, 486, 6, '2021-07-14 22:02:51', '2021-07-14 22:02:51'),
(399, 487, 6, '2021-07-14 22:02:59', '2021-07-14 22:02:59'),
(400, 488, 6, '2021-07-14 22:03:09', '2021-07-14 22:03:09'),
(401, 489, 6, '2021-07-14 22:03:21', '2021-07-14 22:03:21'),
(402, 490, 6, '2021-07-14 22:03:35', '2021-07-14 22:03:35'),
(403, 491, 6, '2021-07-14 22:03:45', '2021-07-14 22:03:45'),
(404, 492, 6, '2021-07-14 22:03:54', '2021-07-14 22:03:54'),
(405, 493, 6, '2021-07-14 22:04:04', '2021-07-14 22:04:04'),
(406, 494, 6, '2021-07-14 22:04:14', '2021-07-14 22:04:14'),
(407, 495, 6, '2021-07-14 22:04:28', '2021-07-14 22:04:28'),
(408, 496, 6, '2021-07-14 22:04:43', '2021-07-14 22:04:43'),
(409, 497, 6, '2021-07-14 22:04:54', '2021-07-14 22:04:54'),
(410, 498, 6, '2021-07-14 22:05:05', '2021-07-14 22:05:05'),
(411, 499, 6, '2021-07-14 22:05:30', '2021-07-14 22:05:30'),
(412, 500, 6, '2021-07-14 22:05:45', '2021-07-14 22:05:45'),
(413, 501, 6, '2021-07-14 22:05:56', '2021-07-14 22:05:56'),
(414, 502, 6, '2021-07-14 22:06:07', '2021-07-14 22:06:07'),
(415, 503, 6, '2021-07-14 22:10:31', '2021-07-14 22:10:31'),
(416, 504, 6, '2021-07-14 22:10:42', '2021-07-14 22:10:42'),
(417, 505, 6, '2021-07-14 22:10:51', '2021-07-14 22:10:51'),
(418, 506, 6, '2021-07-14 22:11:01', '2021-07-14 22:11:01'),
(419, 507, 6, '2021-07-14 22:11:10', '2021-07-14 22:11:10'),
(420, 508, 6, '2021-07-14 22:11:22', '2021-07-14 22:11:22'),
(421, 509, 6, '2021-07-14 22:11:30', '2021-07-14 22:11:30'),
(422, 510, 6, '2021-07-14 22:11:41', '2021-07-14 22:11:41'),
(423, 511, 6, '2021-07-14 22:11:52', '2021-07-14 22:11:52'),
(424, 512, 6, '2021-07-14 22:11:59', '2021-07-14 22:11:59'),
(425, 513, 6, '2021-07-14 22:12:07', '2021-07-14 22:12:07'),
(426, 514, 6, '2021-07-14 22:12:16', '2021-07-14 22:12:16'),
(427, 515, 6, '2021-07-14 22:12:30', '2021-07-14 22:12:30'),
(428, 516, 6, '2021-07-14 22:12:39', '2021-07-14 22:12:39'),
(430, 518, 6, '2021-07-14 22:21:16', '2021-07-14 22:21:16'),
(431, 519, 6, '2021-07-14 22:21:24', '2021-07-14 22:21:24'),
(432, 520, 6, '2021-07-14 22:21:33', '2021-07-14 22:21:33'),
(433, 521, 6, '2021-07-14 22:21:39', '2021-07-14 22:21:39'),
(434, 522, 6, '2021-07-14 22:21:52', '2021-07-14 22:21:52'),
(435, 523, 6, '2021-07-14 22:21:59', '2021-07-14 22:21:59'),
(436, 524, 6, '2021-07-14 22:23:16', '2021-07-14 22:23:16'),
(437, 525, 6, '2021-07-14 22:23:26', '2021-07-14 22:23:26'),
(438, 526, 6, '2021-07-14 22:23:43', '2021-07-14 22:23:43'),
(439, 527, 6, '2021-07-14 22:23:52', '2021-07-14 22:23:52'),
(440, 528, 6, '2021-07-14 22:24:02', '2021-07-14 22:24:02'),
(441, 529, 6, '2021-07-14 22:24:16', '2021-07-14 22:24:16'),
(442, 530, 6, '2021-07-14 22:24:29', '2021-07-14 22:24:29'),
(443, 531, 6, '2021-07-14 22:24:38', '2021-07-14 22:24:38'),
(445, 533, 6, '2021-07-14 22:26:29', '2021-07-14 22:26:29'),
(446, 534, 6, '2021-07-14 22:27:01', '2021-07-14 22:27:01'),
(447, 535, 6, '2021-07-14 22:27:11', '2021-07-14 22:27:11'),
(448, 536, 6, '2021-07-14 22:27:23', '2021-07-14 22:27:23'),
(449, 537, 6, '2021-07-14 22:27:32', '2021-07-14 22:27:32'),
(450, 538, 6, '2021-07-14 22:27:41', '2021-07-14 22:27:41'),
(451, 539, 6, '2021-07-14 22:27:51', '2021-07-14 22:27:51'),
(452, 540, 6, '2021-07-14 22:28:04', '2021-07-14 22:28:04'),
(453, 541, 6, '2021-07-14 22:28:21', '2021-07-14 22:28:21'),
(454, 542, 6, '2021-07-14 22:28:36', '2021-07-14 22:28:36'),
(455, 543, 6, '2021-07-14 22:28:44', '2021-07-14 22:28:44'),
(456, 544, 6, '2021-07-14 22:30:27', '2021-07-14 22:30:27'),
(457, 545, 6, '2021-07-14 22:30:35', '2021-07-14 22:30:35'),
(458, 546, 6, '2021-07-14 22:30:46', '2021-07-14 22:30:46'),
(459, 547, 6, '2021-07-14 22:30:58', '2021-07-14 22:30:58'),
(460, 548, 6, '2021-07-14 22:31:20', '2021-07-14 22:31:20'),
(461, 549, 6, '2021-07-14 22:31:31', '2021-07-14 22:31:31'),
(462, 550, 6, '2021-07-14 22:31:41', '2021-07-14 22:31:41'),
(463, 551, 6, '2021-07-14 22:31:57', '2021-07-14 22:31:57'),
(464, 552, 6, '2021-07-14 22:32:08', '2021-07-14 22:32:08'),
(465, 553, 6, '2021-07-14 22:32:21', '2021-07-14 22:32:21'),
(466, 554, 6, '2021-07-14 22:32:32', '2021-07-14 22:32:32'),
(467, 555, 6, '2021-07-14 22:32:40', '2021-07-14 22:32:40'),
(468, 556, 6, '2021-07-14 22:32:49', '2021-07-14 22:32:49'),
(469, 557, 6, '2021-07-14 22:33:02', '2021-07-14 22:33:02'),
(470, 558, 6, '2021-07-14 22:33:19', '2021-07-14 22:33:19'),
(471, 559, 6, '2021-07-14 22:34:15', '2021-07-14 22:34:15'),
(472, 560, 6, '2021-07-14 22:34:23', '2021-07-14 22:34:23'),
(473, 561, 6, '2021-07-14 22:34:32', '2021-07-14 22:34:32'),
(474, 562, 6, '2021-07-14 22:34:59', '2021-07-14 22:34:59'),
(475, 563, 6, '2021-07-14 22:35:10', '2021-07-14 22:35:10'),
(476, 564, 6, '2021-07-14 22:35:22', '2021-07-14 22:35:22'),
(477, 565, 6, '2021-07-14 22:35:37', '2021-07-14 22:35:37'),
(478, 566, 6, '2021-07-14 22:35:53', '2021-07-14 22:35:53'),
(479, 567, 6, '2021-07-14 22:36:09', '2021-07-14 22:36:09'),
(480, 568, 6, '2021-07-14 22:36:37', '2021-07-14 22:36:37'),
(481, 569, 6, '2021-07-14 22:36:48', '2021-07-14 22:36:48'),
(482, 570, 6, '2021-07-14 22:37:04', '2021-07-14 22:37:04'),
(483, 571, 6, '2021-07-14 22:41:28', '2021-07-14 22:41:28'),
(484, 572, 6, '2021-07-14 22:48:14', '2021-07-14 22:48:14'),
(485, 573, 6, '2021-07-14 22:48:21', '2021-07-14 22:48:21'),
(486, 574, 6, '2021-07-14 22:48:29', '2021-07-14 22:48:29'),
(487, 575, 6, '2021-07-14 22:48:41', '2021-07-14 22:48:41'),
(488, 576, 6, '2021-07-14 22:48:50', '2021-07-14 22:48:50'),
(489, 577, 6, '2021-07-14 22:49:07', '2021-07-14 22:49:07'),
(490, 578, 6, '2021-07-14 22:49:19', '2021-07-14 22:49:19'),
(491, 579, 6, '2021-07-14 22:49:28', '2021-07-14 22:49:28'),
(492, 580, 7, '2021-07-23 21:51:28', '2021-07-23 21:51:28'),
(493, 581, 7, '2021-07-23 23:24:43', '2021-07-23 23:24:43'),
(494, 582, 7, '2021-07-23 23:26:43', '2021-07-23 23:26:43'),
(495, 583, 7, '2021-07-23 23:28:11', '2021-07-23 23:28:11'),
(496, 584, 7, '2021-07-23 23:29:18', '2021-07-23 23:29:18'),
(497, 585, 7, '2021-07-23 23:30:53', '2021-07-23 23:30:53'),
(498, 586, 7, '2021-07-23 23:31:05', '2021-07-23 23:31:05'),
(499, 587, 8, '2021-07-24 03:12:58', '2021-07-24 03:12:58'),
(500, 588, 9, '2021-07-24 05:30:16', '2021-07-24 05:30:16'),
(501, 589, 9, '2021-07-24 05:33:23', '2021-07-24 05:33:23'),
(502, 590, 11, '2021-08-20 20:36:22', '2021-08-20 20:36:22');

-- --------------------------------------------------------

--
-- Estructura de tabla para la tabla `registros`
--

CREATE TABLE `registros` (
  `id` int(11) NOT NULL,
  `id_siembra` int(11) NOT NULL,
  `id_especie` int(11) NOT NULL,
  `fecha_registro` date NOT NULL,
  `conv_alimenticia` double DEFAULT NULL,
  `tipo_registro` int(11) NOT NULL,
  `peso_ganado` double DEFAULT NULL,
  `mortalidad` double DEFAULT NULL,
  `biomasa` double DEFAULT NULL,
  `cantidad` double DEFAULT NULL,
  `estado` int(11) DEFAULT 1,
  `updated_at` timestamp NOT NULL DEFAULT current_timestamp(),
  `created_at` timestamp NOT NULL DEFAULT current_timestamp()
) ENGINE=InnoDB DEFAULT CHARSET=utf8mb4;

--
-- Volcado de datos para la tabla `registros`
--

INSERT INTO `registros` (`id`, `id_siembra`, `id_especie`, `fecha_registro`, `conv_alimenticia`, `tipo_registro`, `peso_ganado`, `mortalidad`, `biomasa`, `cantidad`, `estado`, `updated_at`, `created_at`) VALUES
(1, 3, 2, '2020-05-09', NULL, 3, 30, NULL, NULL, NULL, 1, '2021-07-06 20:26:02', '2021-07-06 20:26:02'),
(49, 3, 2, '2020-06-12', NULL, 0, 113, 0, NULL, NULL, 1, '2021-07-09 17:52:23', '2021-07-09 17:52:23'),
(50, 3, 2, '2020-06-12', NULL, 1, 113, NULL, 293.8, 2600, 1, '2021-07-09 17:52:36', '2021-07-09 17:52:36'),
(51, 3, 2, '2020-06-23', NULL, 0, 140, 0, NULL, NULL, 1, '2021-07-09 17:57:58', '2021-07-09 17:57:58'),
(52, 3, 2, '2020-07-14', NULL, 0, 226, 0, NULL, NULL, 1, '2021-07-09 17:58:31', '2021-07-09 17:58:31'),
(59, 3, 2, '2020-08-05', NULL, 0, 390, 0, NULL, NULL, 1, '2021-07-09 18:15:07', '2021-07-09 18:15:07'),
(60, 3, 2, '2020-08-05', NULL, 1, 390, NULL, 36, 92.307692307692, 1, '2021-07-09 18:15:15', '2021-07-09 18:15:15'),
(61, 3, 2, '2020-08-08', NULL, 0, 410, 0, NULL, NULL, 1, '2021-07-09 18:15:37', '2021-07-09 18:15:37'),
(93, 3, 2, '2020-08-08', NULL, 1, 410, NULL, 529, 1290.243902439, 1, '2021-07-09 21:07:36', '2021-07-09 21:07:36'),
(94, 3, 2, '2020-08-20', NULL, 0, 420, 0, NULL, NULL, 1, '2021-07-09 21:08:10', '2021-07-09 21:08:10'),
(95, 3, 2, '2020-08-20', NULL, 1, 420, NULL, 564, 1342.8571428571, 1, '2021-07-09 21:08:30', '2021-07-09 21:08:30'),
(96, 3, 2, '2020-08-29', NULL, 0, 430, NULL, NULL, NULL, 1, '2021-07-09 21:09:05', '2021-07-09 21:09:05'),
(97, 3, 2, '2020-08-29', NULL, 1, 430, NULL, 718, 1669.7674418605, 1, '2021-07-09 21:09:33', '2021-07-09 21:09:33'),
(98, 3, 2, '2020-09-10', NULL, 0, 500, NULL, NULL, NULL, 1, '2021-07-09 21:10:30', '2021-07-09 21:10:30'),
(99, 3, 2, '2020-09-10', NULL, 1, 500, NULL, 121, 242, 1, '2021-07-09 21:10:40', '2021-07-09 21:10:40'),
(100, 3, 2, '2020-09-26', NULL, 1, 500, NULL, 256, 512, 1, '2021-07-09 21:11:07', '2021-07-09 21:11:07'),
(101, 3, 2, '2020-10-01', NULL, 1, 500, NULL, 111, 222, 1, '2021-07-09 21:11:34', '2021-07-09 21:11:34'),
(102, 3, 2, '2020-10-03', NULL, 1, 500, NULL, 647, 1294, 1, '2021-07-09 21:11:58', '2021-07-09 21:11:58'),
(103, 3, 2, '2020-10-04', NULL, 0, 520, NULL, NULL, NULL, 1, '2021-07-09 21:12:29', '2021-07-09 21:12:29'),
(104, 3, 2, '2020-10-04', NULL, 1, 520, NULL, 500, 961.53846153846, 1, '2021-07-09 21:12:40', '2021-07-09 21:12:40'),
(105, 3, 2, '2020-10-06', NULL, 1, 520, NULL, 720, 1384.6153846154, 1, '2021-07-09 21:13:03', '2021-07-09 21:13:03'),
(106, 3, 2, '2020-10-07', NULL, 1, 520, NULL, 788, 1515.3846153846, 1, '2021-07-09 21:13:28', '2021-07-09 21:13:28'),
(107, 3, 2, '2020-10-08', NULL, 1, 520, NULL, 356, 684.61538461538, 1, '2021-07-09 21:13:56', '2021-07-09 21:13:56'),
(108, 3, 2, '2020-10-09', NULL, 1, 520, NULL, 534, 1026.9230769231, 1, '2021-07-09 21:14:17', '2021-07-09 21:14:17'),
(109, 3, 2, '2020-10-10', NULL, 1, 520, NULL, 614, 1180.7692307692, 1, '2021-07-09 21:14:44', '2021-07-09 21:14:44'),
(110, 3, 2, '2020-10-11', NULL, 0, 530, NULL, NULL, NULL, 1, '2021-07-09 21:15:08', '2021-07-09 21:15:08'),
(111, 3, 2, '2020-10-11', NULL, 1, 530, NULL, 554, 1045.2830188679, 1, '2021-07-09 21:15:22', '2021-07-09 21:15:22'),
(112, 3, 2, '2020-10-12', NULL, 1, 530, NULL, 705, 1330.1886792453, 1, '2021-07-09 21:15:48', '2021-07-09 21:15:48'),
(113, 3, 2, '2020-10-13', NULL, 0, 550, NULL, NULL, NULL, 1, '2021-07-09 21:16:07', '2021-07-09 21:16:07'),
(114, 3, 2, '2020-10-13', NULL, 1, 550, NULL, 561, 1020, 1, '2021-07-09 21:16:29', '2021-07-09 21:16:29'),
(115, 3, 2, '2020-10-14', NULL, 1, 550, NULL, 275, 500, 1, '2021-07-09 21:16:48', '2021-07-09 21:16:48'),
(124, 6, 2, '2020-12-09', NULL, 3, 82, NULL, NULL, NULL, 1, '2021-07-14 21:48:45', '2021-07-14 21:48:45'),
(125, 6, 3, '2020-12-09', NULL, 3, 120, NULL, NULL, NULL, 1, '2021-07-14 21:48:45', '2021-07-14 21:48:45'),
(126, 6, 2, '2020-12-22', NULL, 0, 147, NULL, 0, NULL, 1, '2021-07-14 23:55:24', '2021-07-14 23:55:24'),
(127, 6, 3, '2020-12-22', NULL, 0, 150, NULL, 0, NULL, 1, '2021-07-14 23:55:24', '2021-07-14 23:55:24'),
(128, 6, 2, '2021-01-11', NULL, 0, 214, NULL, 0, NULL, 1, '2021-07-14 23:56:28', '2021-07-14 23:56:28'),
(129, 6, 3, '2021-01-11', NULL, 0, 190, NULL, 0, NULL, 1, '2021-07-14 23:56:28', '2021-07-14 23:56:28'),
(130, 6, 2, '2021-02-01', NULL, 0, 357, NULL, 0, NULL, 1, '2021-07-14 23:57:13', '2021-07-14 23:57:13'),
(131, 6, 3, '2021-02-01', NULL, 0, 240, NULL, 0, NULL, 1, '2021-07-14 23:57:13', '2021-07-14 23:57:13'),
(134, 6, 2, '2021-02-22', NULL, 0, 429, NULL, 0, NULL, 1, '2021-07-15 00:21:17', '2021-07-15 00:21:17'),
(135, 6, 3, '2021-02-22', NULL, 0, 260, NULL, 0, NULL, 1, '2021-07-15 00:21:17', '2021-07-15 00:21:17'),
(136, 6, 2, '2021-03-15', NULL, 0, 485, NULL, 0, NULL, 1, '2021-07-15 00:24:15', '2021-07-15 00:24:15'),
(137, 6, 3, '2021-03-15', NULL, 0, 280, NULL, 0, NULL, 1, '2021-07-15 00:24:15', '2021-07-15 00:24:15'),
(138, 6, 2, '2021-04-12', NULL, 0, 510, NULL, 0, NULL, 1, '2021-07-15 00:24:59', '2021-07-15 00:24:59'),
(139, 6, 3, '2021-04-12', NULL, 0, 330, NULL, 0, NULL, 1, '2021-07-15 00:24:59', '2021-07-15 00:24:59'),
(140, 6, 2, '2021-04-16', NULL, 1, 510, NULL, 132, 258.82352941176, 1, '2021-07-21 00:08:25', '2021-07-21 00:08:25'),
(141, 6, 3, '2021-04-16', NULL, 1, 330, NULL, 104, 315.15151515152, 1, '2021-07-21 00:08:26', '2021-07-21 00:08:26'),
(142, 6, 2, '2021-04-19', NULL, 1, 510, NULL, 371, 727.45098039216, 1, '2021-07-21 00:26:10', '2021-07-21 00:26:10'),
(143, 6, 2, '2021-04-20', NULL, 1, 510, NULL, 125, 245.09803921569, 1, '2021-07-21 00:26:44', '2021-07-21 00:26:44'),
(144, 6, 2, '2021-04-21', NULL, 1, 510, NULL, 400, 784.3137254902, 1, '2021-07-21 00:27:03', '2021-07-21 00:27:03'),
(145, 6, 2, '2021-05-07', NULL, 1, 510, NULL, 333, 652.94117647059, 1, '2021-07-21 00:27:55', '2021-07-21 00:27:55'),
(146, 6, 3, '2021-05-07', NULL, 1, 330, NULL, 80, 242.42424242424, 1, '2021-07-21 00:27:55', '2021-07-21 00:27:55'),
(147, 6, 2, '2021-05-10', NULL, 1, 510, NULL, 65, 127.45098039216, 1, '2021-07-21 00:38:44', '2021-07-21 00:38:44'),
(148, 6, 2, '2021-05-18', NULL, 1, 510, NULL, 82, 160.78431372549, 1, '2021-07-21 00:39:15', '2021-07-21 00:39:15'),
(149, 6, 3, '2021-05-18', NULL, 1, 330, NULL, 26, 78.787878787879, 1, '2021-07-21 00:39:15', '2021-07-21 00:39:15'),
(150, 6, 2, '2021-06-04', NULL, 1, 510, NULL, 183, 358.82352941176, 1, '2021-07-21 00:39:52', '2021-07-21 00:39:52'),
(151, 6, 2, '2021-06-05', NULL, 1, 510, NULL, 561, 1100, 1, '2021-07-21 00:46:23', '2021-07-21 00:46:23'),
(152, 6, 3, '2021-06-05', NULL, 1, 330, NULL, 40, 121.21212121212, 1, '2021-07-21 00:46:23', '2021-07-21 00:46:23'),
(153, 6, 2, '2021-06-06', NULL, 1, 510, NULL, 470, 921.56862745098, 1, '2021-07-21 00:46:45', '2021-07-21 00:46:45'),
(154, 6, 2, '2021-06-07', NULL, 1, 510, NULL, 728, 1427.4509803922, 1, '2021-07-21 00:47:47', '2021-07-21 00:47:47'),
(155, 6, 3, '2021-06-07', NULL, 1, 330, NULL, 12, 36.363636363636, 1, '2021-07-21 00:47:47', '2021-07-21 00:47:47'),
(156, 6, 2, '2021-06-08', NULL, 1, 510, NULL, 448, 878.43137254902, 1, '2021-07-21 00:56:28', '2021-07-21 00:56:28'),
(157, 6, 2, '2021-06-09', NULL, 1, 510, NULL, 485, 950.98039215686, 1, '2021-07-21 00:56:43', '2021-07-21 00:56:43'),
(158, 6, 3, '2021-06-09', NULL, 1, 330, NULL, 59, 178.78787878788, 1, '2021-07-21 00:56:43', '2021-07-21 00:56:43'),
(159, 6, 2, '2021-06-10', NULL, 1, 510, NULL, 451, 884.3137254902, 1, '2021-07-21 00:56:57', '2021-07-21 00:56:57'),
(160, 6, 2, '2021-06-11', NULL, 1, 510, NULL, 313, 613.72549019608, 1, '2021-07-21 00:57:17', '2021-07-21 00:57:17'),
(161, 6, 2, '2021-06-12', NULL, 1, 510, NULL, 435, 852.94117647059, 1, '2021-07-21 00:57:34', '2021-07-21 00:57:34'),
(162, 6, 2, '2021-06-13', NULL, 1, 510, NULL, 545, 1068.6274509804, 1, '2021-07-21 00:57:55', '2021-07-21 00:57:55'),
(163, 6, 2, '2021-06-14', NULL, 1, 510, NULL, 290, 568.62745098039, 1, '2021-07-21 00:58:13', '2021-07-21 00:58:13'),
(164, 6, 3, '2021-06-14', NULL, 1, 330, NULL, 68, 206.06060606061, 1, '2021-07-21 00:58:13', '2021-07-21 00:58:13'),
(165, 6, 2, '2021-06-15', NULL, 1, 510, NULL, 508, 996.07843137255, 1, '2021-07-21 01:01:19', '2021-07-21 01:01:19'),
(166, 6, 2, '2021-06-16', NULL, 1, 510, NULL, 581, 1139.2156862745, 1, '2021-07-21 01:02:08', '2021-07-21 01:02:08'),
(167, 6, 3, '2021-06-16', NULL, 1, 330, NULL, 165, 500, 1, '2021-07-21 01:02:08', '2021-07-21 01:02:08'),
(168, 6, 2, '2021-06-17', NULL, 1, 510, NULL, 311, 609.80392156863, 1, '2021-07-21 01:02:48', '2021-07-21 01:02:48'),
(169, 6, 2, '2021-06-18', NULL, 1, 510, NULL, 520, 1019.6078431373, 1, '2021-07-21 01:03:41', '2021-07-21 01:03:41'),
(170, 6, 2, '2021-06-19', NULL, 1, 510, NULL, 22, 43.137254901961, 1, '2021-07-21 01:42:07', '2021-07-21 01:42:07'),
(171, 7, 3, '2021-01-01', NULL, 3, 0.33, NULL, NULL, NULL, 1, '2021-07-23 20:02:35', '2021-07-23 20:02:35'),
(172, 7, 4, '2021-01-01', NULL, 3, 0.2, NULL, NULL, NULL, 1, '2021-07-23 20:02:35', '2021-07-23 20:02:35'),
(173, 7, 3, '2021-02-01', NULL, 0, 10, 2, 0.02, NULL, 1, '2021-07-23 20:06:37', '2021-07-23 20:06:37'),
(174, 7, 4, '2021-02-01', NULL, 0, 0.5, 1, 0.0005, NULL, 1, '2021-07-23 20:06:37', '2021-07-23 20:06:37'),
(175, 7, 3, '2021-01-02', NULL, 2, 0.33, 10, 0.0033, NULL, 1, '2021-07-23 21:12:45', '2021-07-23 21:12:45'),
(176, 7, 3, '2021-03-01', NULL, 0, 30, 5, 0.15, NULL, 1, '2021-07-23 21:26:00', '2021-07-23 21:26:00'),
(177, 7, 4, '2021-03-01', NULL, 0, 1.5, 2, 0.003, NULL, 1, '2021-07-23 21:26:00', '2021-07-23 21:26:00'),
(178, 7, 3, '2021-04-01', NULL, 0, 90, 0, 0, NULL, 1, '2021-07-23 21:30:26', '2021-07-23 21:30:26'),
(179, 7, 4, '2021-04-01', NULL, 0, 5, 0, 0, NULL, 1, '2021-07-23 21:30:26', '2021-07-23 21:30:26'),
(184, 7, 3, '2021-05-01', NULL, 0, 150, 0, 0, NULL, 1, '2021-07-23 21:37:50', '2021-07-23 21:37:50'),
(185, 7, 4, '2021-05-01', NULL, 0, 10, 0, 0, NULL, 1, '2021-07-23 21:37:51', '2021-07-23 21:37:51'),
(186, 7, 3, '2021-06-01', NULL, 0, 300, 0, 0, NULL, 1, '2021-07-23 21:38:12', '2021-07-23 21:38:12'),
(187, 7, 4, '2021-06-01', NULL, 0, 20, 0, 0, NULL, 1, '2021-07-23 21:38:12', '2021-07-23 21:38:12'),
(188, 7, 3, '2021-06-02', NULL, 1, 300, NULL, 1500, 5000, 1, '2021-07-23 22:01:47', '2021-07-23 22:01:47'),
(189, 7, 4, '2021-06-02', NULL, 1, 20, NULL, 30, 1500, 1, '2021-07-23 22:01:47', '2021-07-23 22:01:47'),
(190, 7, 3, '2021-06-04', NULL, 1, 300, NULL, 510, 1700, 1, '2021-07-23 22:02:09', '2021-07-23 22:02:09'),
(191, 7, 4, '2021-06-04', NULL, 1, 20, NULL, 12, 600, 1, '2021-07-23 22:02:10', '2021-07-23 22:02:10'),
(192, 8, 3, '2021-06-05', NULL, 3, 0.5, NULL, NULL, NULL, 1, '2021-07-24 03:08:53', '2021-07-24 03:08:53'),
(193, 8, 4, '2021-06-05', NULL, 3, 0.3, NULL, NULL, NULL, 1, '2021-07-24 03:08:53', '2021-07-24 03:08:53'),
(194, 8, 3, '2021-06-15', NULL, 0, 8, 5, 0.04, NULL, 1, '2021-07-24 03:09:37', '2021-07-24 03:09:37'),
(195, 8, 4, '2021-06-15', NULL, 0, 0.6, 1, 0.0006, NULL, 1, '2021-07-24 03:09:37', '2021-07-24 03:09:37'),
(196, 8, 3, '2021-06-25', NULL, 0, 20, 0, 0, NULL, 1, '2021-07-24 03:10:18', '2021-07-24 03:10:18'),
(197, 8, 4, '2021-06-25', NULL, 0, 4, 0, 0, NULL, 1, '2021-07-24 03:10:18', '2021-07-24 03:10:18'),
(199, 8, 4, '2021-06-26', NULL, 1, 4, NULL, 7, 1750, 1, '2021-07-24 04:45:52', '2021-07-24 04:45:52'),
(200, 8, 3, '2021-06-27', NULL, 1, 20, NULL, 50, 2500, 1, '2021-07-24 04:46:13', '2021-07-24 04:46:13'),
(201, 8, 4, '2021-06-27', NULL, 1, 4, NULL, 0, 0, 1, '2021-07-24 04:46:13', '2021-07-24 04:46:13'),
(202, 8, 3, '2021-06-26', NULL, 1, 20, NULL, 100, 5000, 1, '2021-07-24 04:49:13', '2021-07-24 04:49:13'),
(203, 8, 4, '2021-06-26', NULL, 1, 4, NULL, 0, 0, 1, '2021-07-24 04:49:13', '2021-07-24 04:49:13'),
(204, 9, 2, '2021-07-01', NULL, 3, 1, NULL, NULL, NULL, 1, '2021-07-24 05:14:17', '2021-07-24 05:14:17'),
(205, 9, 2, '2021-07-23', NULL, 0, 30, 2, 0.06, NULL, 1, '2021-07-24 05:14:46', '2021-07-24 05:14:46'),
(206, 10, 2, '2021-08-07', NULL, 3, 1, NULL, NULL, NULL, 1, '2021-08-08 06:09:57', '2021-08-08 06:09:57'),
(207, 10, 2, '2021-08-08', NULL, 2, 1, 2, 0.002, NULL, 1, '2021-08-08 06:10:21', '2021-08-08 06:10:21'),
(208, 10, 2, '2021-08-20', NULL, 0, 20, 2, 0.04, NULL, 1, '2021-08-08 06:10:44', '2021-08-08 06:10:44'),
(209, 10, 2, '2021-08-30', NULL, 1, 20, NULL, 4, 200, 1, '2021-08-08 06:11:03', '2021-08-08 06:11:03'),
(210, 11, 5, '2021-08-04', NULL, 3, 90, NULL, NULL, NULL, 1, '2021-08-20 20:27:07', '2021-08-20 20:27:07'),
(211, 11, 2, '2021-08-04', NULL, 3, 10, NULL, NULL, NULL, 1, '2021-08-20 20:27:07', '2021-08-20 20:27:07'),
(212, 11, 3, '2021-08-04', NULL, 3, 90, NULL, NULL, NULL, 1, '2021-08-20 20:27:07', '2021-08-20 20:27:07'),
(213, 11, 2, '2021-08-04', NULL, 1, 10, NULL, 5, 500, 1, '2021-08-20 20:41:41', '2021-08-20 20:41:41');

-- --------------------------------------------------------

--
-- Estructura de tabla para la tabla `siembras`
--

CREATE TABLE `siembras` (
  `id` int(11) NOT NULL,
  `nombre_siembra` varchar(100) NOT NULL,
  `id_contenedor` int(11) NOT NULL,
  `fecha_inicio` date NOT NULL,
  `ini_descanso` date DEFAULT NULL,
  `estado` int(11) NOT NULL,
  `fin_descanso` date DEFAULT NULL,
  `created_at` timestamp NOT NULL DEFAULT current_timestamp(),
  `updated_at` timestamp NOT NULL DEFAULT current_timestamp() ON UPDATE current_timestamp(),
  `fecha_alimento` date DEFAULT NULL
) ENGINE=InnoDB DEFAULT CHARSET=utf8mb4;

--
-- Volcado de datos para la tabla `siembras`
--

INSERT INTO `siembras` (`id`, `nombre_siembra`, `id_contenedor`, `fecha_inicio`, `ini_descanso`, `estado`, `fin_descanso`, `created_at`, `updated_at`, `fecha_alimento`) VALUES
(3, 'E10 9-05-2020', 3, '2020-05-09', '2020-10-15', 0, '2020-12-05', '2021-06-24 20:42:36', '2021-07-14 01:56:52', '2020-05-11'),
(6, 'E10 9-12-2020', 3, '2020-12-09', NULL, 1, NULL, '2021-07-14 21:48:45', '2021-07-14 22:49:28', '2021-06-08'),
(7, 'Proyec', 4, '2021-01-01', '2021-06-04', 0, '2021-06-05', '2021-07-23 20:02:34', '2021-07-24 02:55:30', '2021-06-10'),
(8, 'Edi', 4, '2021-06-05', '2021-06-28', 0, '2021-06-29', '2021-07-24 03:08:52', '2021-07-24 04:54:25', '2021-06-25'),
(9, 'DE', 5, '2021-07-01', NULL, 1, NULL, '2021-07-24 05:14:17', '2021-07-24 05:33:23', '2021-07-24'),
(10, 'ed', 6, '2021-08-07', NULL, 1, NULL, '2021-08-08 06:09:57', '2021-08-08 06:09:57', NULL),
(11, '13 oct 21', 7, '2021-08-04', NULL, 1, NULL, '2021-08-20 20:27:07', '2021-08-20 20:36:22', '2021-08-04');

-- --------------------------------------------------------

--
-- Estructura de tabla para la tabla `users`
--

CREATE TABLE `users` (
  `id` bigint(20) UNSIGNED NOT NULL,
  `name` varchar(191) COLLATE utf8mb4_unicode_ci NOT NULL,
  `email` varchar(191) COLLATE utf8mb4_unicode_ci NOT NULL,
  `email_verified_at` timestamp NULL DEFAULT NULL,
  `password` varchar(191) COLLATE utf8mb4_unicode_ci NOT NULL,
  `remember_token` varchar(100) COLLATE utf8mb4_unicode_ci DEFAULT NULL,
  `estado` int(2) NOT NULL DEFAULT 1,
  `created_at` timestamp NULL DEFAULT NULL,
  `updated_at` timestamp NULL DEFAULT NULL
) ENGINE=InnoDB DEFAULT CHARSET=utf8mb4 COLLATE=utf8mb4_unicode_ci;

--
-- Volcado de datos para la tabla `users`
--

INSERT INTO `users` (`id`, `name`, `email`, `email_verified_at`, `password`, `remember_token`, `estado`, `created_at`, `updated_at`) VALUES
(1, 'Isabella', 'issalazar00@outlook.com', NULL, '$2y$10$SXdLLlbOiMy13006qYM5ze4aqPolr80pvC0vVLWQ6ZRzMm2kOYN/C', NULL, 1, '2020-06-30 01:02:57', '2020-06-30 01:02:57'),
(2, 'Edison Steve Pecillo', 'estevenup@hotmail.com', NULL, '$2y$10$f86zvzF6ZqgcYR18JimqJ.in10Jve0Mc/mI0iajD5Cmm3EuYVm1lG', NULL, 1, '2021-01-12 22:19:12', '2021-01-12 22:20:59'),
(3, 'Esteban Jurado', 'esteban_5280@hotmail.com', NULL, '$2y$10$jLrpheNFWBa8WIZ9BqZmSOsjvowZiLKj4r5x0nWE9xyBX1som1Baa', NULL, 0, '2020-08-13 00:06:28', '2020-09-14 21:56:20'),
(4, 'andres rojas', 'andres@gmail.com', NULL, '$2y$10$7QFjVQunNyOKdn4SMZJBU.K88hW03sW11Py.kzdOLDCpaP4DjiOc.', NULL, 1, '2020-07-15 02:54:52', '2020-07-15 02:54:52'),
(5, 'richard peña', 'richardpen90@gmail.com', NULL, '$2y$10$PkU9jMgFAiSQI7wrZXSk7./29/qO4PUa48Lt4TS0U8wjyFrAXRe.C', NULL, 1, '2020-07-18 21:57:18', '2020-07-18 21:57:18');

--
-- Índices para tablas volcadas
--

--
-- Indices de la tabla `actividades`
--
ALTER TABLE `actividades`
  ADD PRIMARY KEY (`id`);

--
-- Indices de la tabla `alimentos`
--
ALTER TABLE `alimentos`
  ADD PRIMARY KEY (`id`);

--
-- Indices de la tabla `calidad_agua`
--
ALTER TABLE `calidad_agua`
  ADD PRIMARY KEY (`id`);

--
-- Indices de la tabla `calidad_siembra`
--
ALTER TABLE `calidad_siembra`
  ADD PRIMARY KEY (`id`);

--
-- Indices de la tabla `contenedores`
--
ALTER TABLE `contenedores`
  ADD PRIMARY KEY (`id`);

--
-- Indices de la tabla `especies`
--
ALTER TABLE `especies`
  ADD PRIMARY KEY (`id`);

--
-- Indices de la tabla `especies_siembra`
--
ALTER TABLE `especies_siembra`
  ADD PRIMARY KEY (`id`);

--
-- Indices de la tabla `failed_jobs`
--
ALTER TABLE `failed_jobs`
  ADD PRIMARY KEY (`id`);

--
-- Indices de la tabla `historial_costos_alimentos`
--
ALTER TABLE `historial_costos_alimentos`
  ADD PRIMARY KEY (`id`);

--
-- Indices de la tabla `historial_costos_recursos`
--
ALTER TABLE `historial_costos_recursos`
  ADD PRIMARY KEY (`id`);

--
-- Indices de la tabla `migrations`
--
ALTER TABLE `migrations`
  ADD PRIMARY KEY (`id`);

--
-- Indices de la tabla `password_resets`
--
ALTER TABLE `password_resets`
  ADD KEY `password_resets_email_index` (`email`);

--
-- Indices de la tabla `recursos`
--
ALTER TABLE `recursos`
  ADD PRIMARY KEY (`id`);

--
-- Indices de la tabla `recursos_necesarios`
--
ALTER TABLE `recursos_necesarios`
  ADD PRIMARY KEY (`id`);

--
-- Indices de la tabla `recursos_siembras`
--
ALTER TABLE `recursos_siembras`
  ADD PRIMARY KEY (`id`);

--
-- Indices de la tabla `registros`
--
ALTER TABLE `registros`
  ADD PRIMARY KEY (`id`);

--
-- Indices de la tabla `siembras`
--
ALTER TABLE `siembras`
  ADD PRIMARY KEY (`id`);

--
-- Indices de la tabla `users`
--
ALTER TABLE `users`
  ADD PRIMARY KEY (`id`),
  ADD UNIQUE KEY `users_email_unique` (`email`);

--
-- AUTO_INCREMENT de las tablas volcadas
--

--
-- AUTO_INCREMENT de la tabla `actividades`
--
ALTER TABLE `actividades`
  MODIFY `id` int(11) NOT NULL AUTO_INCREMENT, AUTO_INCREMENT=14;

--
-- AUTO_INCREMENT de la tabla `alimentos`
--
ALTER TABLE `alimentos`
  MODIFY `id` int(11) NOT NULL AUTO_INCREMENT, AUTO_INCREMENT=18;

--
-- AUTO_INCREMENT de la tabla `calidad_agua`
--
ALTER TABLE `calidad_agua`
  MODIFY `id` int(11) NOT NULL AUTO_INCREMENT, AUTO_INCREMENT=21;

--
-- AUTO_INCREMENT de la tabla `calidad_siembra`
--
ALTER TABLE `calidad_siembra`
  MODIFY `id` int(11) NOT NULL AUTO_INCREMENT;

--
-- AUTO_INCREMENT de la tabla `contenedores`
--
ALTER TABLE `contenedores`
  MODIFY `id` int(11) NOT NULL AUTO_INCREMENT, AUTO_INCREMENT=8;

--
-- AUTO_INCREMENT de la tabla `especies`
--
ALTER TABLE `especies`
  MODIFY `id` int(11) NOT NULL AUTO_INCREMENT, AUTO_INCREMENT=6;

--
-- AUTO_INCREMENT de la tabla `especies_siembra`
--
ALTER TABLE `especies_siembra`
  MODIFY `id` int(11) NOT NULL AUTO_INCREMENT, AUTO_INCREMENT=17;

--
-- AUTO_INCREMENT de la tabla `failed_jobs`
--
ALTER TABLE `failed_jobs`
  MODIFY `id` bigint(20) UNSIGNED NOT NULL AUTO_INCREMENT;

--
-- AUTO_INCREMENT de la tabla `historial_costos_alimentos`
--
ALTER TABLE `historial_costos_alimentos`
  MODIFY `id` int(11) NOT NULL AUTO_INCREMENT, AUTO_INCREMENT=20;

--
-- AUTO_INCREMENT de la tabla `historial_costos_recursos`
--
ALTER TABLE `historial_costos_recursos`
  MODIFY `id` int(11) NOT NULL AUTO_INCREMENT, AUTO_INCREMENT=30;

--
-- AUTO_INCREMENT de la tabla `migrations`
--
ALTER TABLE `migrations`
  MODIFY `id` int(10) UNSIGNED NOT NULL AUTO_INCREMENT, AUTO_INCREMENT=4;

--
-- AUTO_INCREMENT de la tabla `recursos`
--
ALTER TABLE `recursos`
  MODIFY `id` int(11) NOT NULL AUTO_INCREMENT, AUTO_INCREMENT=23;

--
-- AUTO_INCREMENT de la tabla `recursos_necesarios`
--
ALTER TABLE `recursos_necesarios`
  MODIFY `id` int(11) NOT NULL AUTO_INCREMENT, AUTO_INCREMENT=591;

--
-- AUTO_INCREMENT de la tabla `recursos_siembras`
--
ALTER TABLE `recursos_siembras`
  MODIFY `id` int(11) NOT NULL AUTO_INCREMENT, AUTO_INCREMENT=503;

--
-- AUTO_INCREMENT de la tabla `registros`
--
ALTER TABLE `registros`
  MODIFY `id` int(11) NOT NULL AUTO_INCREMENT, AUTO_INCREMENT=214;

--
-- AUTO_INCREMENT de la tabla `siembras`
--
ALTER TABLE `siembras`
  MODIFY `id` int(11) NOT NULL AUTO_INCREMENT, AUTO_INCREMENT=12;

--
-- AUTO_INCREMENT de la tabla `users`
--
ALTER TABLE `users`
  MODIFY `id` bigint(20) UNSIGNED NOT NULL AUTO_INCREMENT, AUTO_INCREMENT=15;
COMMIT;

/*!40101 SET CHARACTER_SET_CLIENT=@OLD_CHARACTER_SET_CLIENT */;
/*!40101 SET CHARACTER_SET_RESULTS=@OLD_CHARACTER_SET_RESULTS */;
/*!40101 SET COLLATION_CONNECTION=@OLD_COLLATION_CONNECTION */;
