-- phpMyAdmin SQL Dump
-- version 5.0.2
-- https://www.phpmyadmin.net/
--
-- Servidor: 127.0.0.1
-- Tiempo de generación: 02-09-2020 a las 00:03:51
-- Versión del servidor: 10.4.11-MariaDB
-- Versión de PHP: 7.4.4

SET SQL_MODE = "NO_AUTO_VALUE_ON_ZERO";
START TRANSACTION;
SET time_zone = "+00:00";


/*!40101 SET @OLD_CHARACTER_SET_CLIENT=@@CHARACTER_SET_CLIENT */;
/*!40101 SET @OLD_CHARACTER_SET_RESULTS=@@CHARACTER_SET_RESULTS */;
/*!40101 SET @OLD_COLLATION_CONNECTION=@@COLLATION_CONNECTION */;
/*!40101 SET NAMES utf8mb4 */;

--
-- Base de datos: `laravel`
--

-- --------------------------------------------------------

--
-- Estructura de tabla para la tabla `alimentos`
--

CREATE TABLE `alimentos` (
  `id` int(11) NOT NULL,
  `alimento` varchar(350) COLLATE utf8mb4_spanish2_ci NOT NULL,
  `costo_kg` double NOT NULL,
  `created_at` timestamp NOT NULL DEFAULT current_timestamp(),
  `updated_at` timestamp NOT NULL DEFAULT current_timestamp() ON UPDATE current_timestamp()
) ENGINE=InnoDB DEFAULT CHARSET=utf8mb4 COLLATE=utf8mb4_spanish2_ci;

--
-- Volcado de datos para la tabla `alimentos`
--

INSERT INTO `alimentos` (`id`, `alimento`, `costo_kg`, `created_at`, `updated_at`) VALUES
(1, 'Maxipeces 38% 2,5 mm', 3500, '2020-08-18 21:10:38', '2020-08-18 21:10:38'),
(2, 'Maxipeces 32% 2,5 mm', 3400, '2020-08-18 21:11:11', '2020-08-18 21:11:11'),
(3, 'Maxipeces 32% 4,7mm', 3300, '2020-08-18 21:11:38', '2020-08-18 21:11:38'),
(4, 'Maxipeces 28% 4,7mm', 3200, '2020-08-18 21:12:01', '2020-08-18 21:12:01'),
(37, 'C. TILAPIAS INICIACIÓN H.', 2751, '2020-08-04 02:21:29', '2020-08-04 02:21:37'),
(38, 'C. TILAPIAS INICIACIÓN 1.0 mm E.', 2625, '2020-08-04 02:22:43', '2020-08-04 02:22:43'),
(39, 'C. TILAPIAS INICIACIÓN 1.4 mm E.', 2625, '2020-08-04 02:25:18', '2020-08-04 02:25:18'),
(40, 'C. MAXIPECES 38 E. 1.8 mm.', 2375, '2020-08-04 02:26:05', '2020-08-04 02:26:05'),
(41, 'C. MAXIPECES 38 E. 2.5 mm.', 2375, '2020-08-04 02:28:49', '2020-08-04 02:28:49'),
(42, 'C. MAXIPECES 32 E. 2.5 mm.', 2125, '2020-08-04 02:30:04', '2020-08-04 02:30:04'),
(43, 'C. MAXIPECES 32 E. 3.5 mm.', 2125, '2020-08-04 02:30:23', '2020-08-04 02:30:23'),
(44, 'C. MAXIPECES 32 E. 4.7 mm.', 2125, '2020-08-04 02:30:43', '2020-08-04 02:30:43'),
(45, 'C. MAXIPECES 28 E.', 2050, '2020-08-04 02:31:18', '2020-08-04 02:31:18'),
(46, 'C. MAXIPECES 32 E. 7.0 mm.', 2125, '2020-08-04 02:31:41', '2020-08-04 02:31:41'),
(47, 'F. MOJARRA INICIACIÓN 40% 18 mm', 2250, '2020-08-04 02:32:13', '2020-08-04 02:32:13'),
(48, 'Peces Tropicales 38% Extruida 1.9 mm', 2125, '2020-08-04 02:34:39', '2020-08-04 02:34:39'),
(49, 'Peces Tropicales Juveniles 35% 1.9 mm', 2075, '2020-08-04 02:36:25', '2020-08-04 02:36:25'),
(50, 'Peces Tropicales Juveniles 35% 2.3 mm', 2125, '2020-08-04 02:36:59', '2020-08-04 02:36:59'),
(51, 'Peces Tropicales 32% 2.3 mm', 1975, '2020-08-04 02:38:24', '2020-08-04 02:38:24'),
(52, 'Peces Tropicales 30% 2.8 mm', 1975, '2020-08-04 02:38:24', '2020-08-04 02:38:48'),
(53, 'Peces Tropicales 30% 4.5 mm', 1975, '2020-08-04 02:39:24', '2020-08-04 02:39:35'),
(54, 'Peces Tropicales 30% 7.0 mm', 1975, '2020-08-04 02:39:54', '2020-08-04 02:39:54'),
(55, 'Peces Tropicales 25% 12 mm', 1875, '2020-08-04 02:40:26', '2020-08-04 02:40:26');

-- --------------------------------------------------------

--
-- Estructura de tabla para la tabla `calidad_agua`
--

CREATE TABLE `calidad_agua` (
  `id` int(11) NOT NULL,
  `id_contenedor` int(11) NOT NULL,
  `fecha_parametro` date NOT NULL,
  `12_am` double NOT NULL,
  `4_am` double NOT NULL,
  `7_am` double NOT NULL,
  `4_pm` double NOT NULL,
  `8_pm` double NOT NULL,
  `temperatura` double NOT NULL,
  `ph` double NOT NULL,
  `amonio` double NOT NULL,
  `nitrito` double NOT NULL,
  `nitrato` double NOT NULL,
  `otros` int(11) NOT NULL,
  `created_at` timestamp NOT NULL DEFAULT current_timestamp(),
  `updated_at` timestamp NOT NULL DEFAULT current_timestamp()
) ENGINE=InnoDB DEFAULT CHARSET=utf8mb4;

--
-- Volcado de datos para la tabla `calidad_agua`
--

INSERT INTO `calidad_agua` (`id`, `id_contenedor`, `fecha_parametro`, `12_am`, `4_am`, `7_am`, `4_pm`, `8_pm`, `temperatura`, `ph`, `amonio`, `nitrito`, `nitrato`, `otros`, `created_at`, `updated_at`) VALUES
(1, 0, '2020-08-09', 8, 9, 9, 9, 8, 9, 8, 9, 9, 7, 9, '2020-08-10 02:36:11', '2020-08-10 02:36:11'),
(2, 0, '2020-05-09', 4, 4, 5, 7, 4, 27, 8, 0, 0, 0, 0, '2020-08-21 17:35:09', '2020-08-21 17:35:09'),
(3, 0, '2020-05-09', 4, 4, 1, 7, 4, 28, 8, 0, 0, 0, 0, '2020-08-21 17:38:09', '2020-08-21 17:38:09'),
(4, 0, '2020-05-09', 4, 4, 1, 7, 4, 28, 8, 0, 0, 0, 0, '2020-08-21 17:38:10', '2020-08-21 17:38:10'),
(5, 0, '2020-05-16', 0, 0, 0, 0, 0, 28, 8, 0, 0, 0, 0, '2020-08-21 17:47:02', '2020-08-21 17:47:02');

-- --------------------------------------------------------

--
-- Estructura de tabla para la tabla `calidad_siembra`
--

CREATE TABLE `calidad_siembra` (
  `id` int(11) NOT NULL,
  `id_calidad_parametros` int(11) NOT NULL,
  `id_siembra` int(11) NOT NULL,
  `created_at` timestamp NOT NULL DEFAULT current_timestamp(),
  `updated_at` timestamp NOT NULL DEFAULT current_timestamp()
) ENGINE=InnoDB DEFAULT CHARSET=utf8mb4;

--
-- Volcado de datos para la tabla `calidad_siembra`
--

INSERT INTO `calidad_siembra` (`id`, `id_calidad_parametros`, `id_siembra`, `created_at`, `updated_at`) VALUES
(1, 1, 29, '2020-08-10 02:36:11', '2020-08-10 02:36:11'),
(2, 1, 28, '2020-08-10 02:36:12', '2020-08-10 02:36:12'),
(3, 1, 26, '2020-08-10 02:36:12', '2020-08-10 02:36:12');

-- --------------------------------------------------------

--
-- Estructura de tabla para la tabla `contenedores`
--

CREATE TABLE `contenedores` (
  `id` int(11) NOT NULL,
  `contenedor` varchar(350) COLLATE utf8mb4_spanish2_ci NOT NULL,
  `capacidad` double NOT NULL,
  `estado` int(11) NOT NULL DEFAULT 1,
  `created_at` timestamp NOT NULL DEFAULT current_timestamp(),
  `updated_at` timestamp NOT NULL DEFAULT current_timestamp() ON UPDATE current_timestamp()
) ENGINE=InnoDB DEFAULT CHARSET=utf8mb4 COLLATE=utf8mb4_spanish2_ci;

--
-- Volcado de datos para la tabla `contenedores`
--

INSERT INTO `contenedores` (`id`, `contenedor`, `capacidad`, `estado`, `created_at`, `updated_at`) VALUES
(1, 'Contenedor  1', 4500, 2, '2020-08-18 21:00:14', '2020-08-18 21:15:05'),
(2, 'Contenedor 2', 3500, 2, '2020-08-18 21:00:26', '2020-08-18 21:24:21'),
(3, 'Contenedor 3', 4600, 2, '2020-08-18 21:01:11', '2020-08-18 21:25:54'),
(4, 'Contenedor 4', 5000, 1, '2020-08-18 21:12:43', '2020-08-18 21:12:43'),
(5, 'Contenedor 5', 4500, 1, '2020-08-18 21:12:55', '2020-08-18 21:12:55'),
(17, 'E19', 15000, 2, '2020-08-04 03:01:25', '2020-08-10 20:22:55'),
(18, 'E80', 1913, 2, '2020-08-07 02:28:19', '2020-08-07 02:30:57'),
(19, 'E37', 1500, 2, '2020-08-08 01:09:27', '2020-08-08 01:10:49'),
(20, 'E1', 315, 2, '2020-08-10 20:20:39', '2020-08-10 22:56:26'),
(21, 'E2', 2000, 2, '2020-08-10 20:21:05', '2020-08-10 23:00:22'),
(22, 'E3', 2642, 1, '2020-08-10 20:21:31', '2020-08-10 20:21:31'),
(23, 'E4', 252, 1, '2020-08-10 20:21:50', '2020-08-10 20:21:50'),
(24, 'E5', 2100, 1, '2020-08-10 20:22:14', '2020-08-10 20:22:14'),
(25, 'E6', 1943, 1, '2020-08-10 20:22:33', '2020-08-10 20:22:33'),
(26, 'E7', 2653, 2, '2020-08-10 20:23:47', '2020-08-10 23:19:35'),
(27, 'E8', 3183, 2, '2020-08-10 20:24:06', '2020-08-10 23:22:21'),
(28, 'E9', 5640, 2, '2020-08-10 20:24:32', '2020-08-10 23:26:37'),
(29, 'E10', 6888, 2, '2020-08-10 20:24:54', '2020-08-10 23:37:38'),
(30, 'E11', 1900, 2, '2020-08-10 20:25:21', '2020-08-10 23:43:34'),
(31, 'E12', 5120, 1, '2020-08-10 20:25:46', '2020-08-10 20:25:46'),
(32, 'E13', 7318, 2, '2020-08-10 20:26:06', '2020-08-10 23:46:32'),
(33, 'E14', 3700, 2, '2020-08-10 20:26:35', '2020-08-11 00:04:07'),
(34, 'E15', 3500, 2, '2020-08-10 20:26:59', '2020-08-11 00:19:19'),
(35, 'E16', 6436, 1, '2020-08-10 20:27:25', '2020-08-10 20:27:25'),
(36, 'E17', 6100, 1, '2020-08-10 20:28:05', '2020-08-10 20:28:05'),
(37, 'E18', 5121, 1, '2020-08-10 20:28:40', '2020-08-10 20:28:40'),
(39, 'E19 Actual', 15000, 2, '2020-08-10 20:30:48', '2020-08-11 00:28:41'),
(40, 'E20', 9342, 2, '2020-08-10 20:31:13', '2020-08-13 00:24:07'),
(41, 'E21', 5728, 2, '2020-08-10 20:31:38', '2020-08-11 00:32:58'),
(42, 'E22', 5853, 2, '2020-08-10 20:32:03', '2020-08-11 00:34:31'),
(43, 'E23', 1170, 2, '2020-08-10 20:32:23', '2020-08-11 00:37:42'),
(44, 'E24', 481, 1, '2020-08-10 20:33:36', '2020-08-10 20:33:36'),
(45, 'E25', 1429, 2, '2020-08-10 20:34:10', '2020-08-11 00:46:04'),
(46, 'E26', 2766, 2, '2020-08-10 20:34:38', '2020-08-11 00:48:09'),
(47, 'E28', 436, 1, '2020-08-10 20:35:12', '2020-08-10 20:35:12'),
(48, 'E29', 980, 2, '2020-08-10 20:35:36', '2020-08-11 00:55:24'),
(49, 'E30', 468, 2, '2020-08-10 20:35:56', '2020-08-11 01:48:35'),
(50, 'E31', 2328, 2, '2020-08-10 20:36:13', '2020-08-11 00:56:58'),
(51, 'E32', 2000, 2, '2020-08-10 21:04:13', '2020-08-11 00:58:03'),
(52, 'E33', 2147, 2, '2020-08-10 21:04:35', '2020-08-11 00:58:57'),
(53, 'E34', 150, 1, '2020-08-10 21:04:59', '2020-08-10 21:04:59'),
(54, 'E37', 1691, 2, '2020-08-10 21:06:16', '2020-08-11 01:01:08'),
(55, 'E38', 462, 1, '2020-08-10 21:06:41', '2020-08-10 21:06:41'),
(56, 'E39', 1712, 2, '2020-08-10 21:07:02', '2020-08-11 01:02:34'),
(57, 'E40', 1700, 1, '2020-08-10 21:11:16', '2020-08-10 21:11:16'),
(58, 'E41', 415, 1, '2020-08-10 21:12:36', '2020-08-10 21:12:36'),
(59, 'E42', 1298, 1, '2020-08-10 21:12:58', '2020-08-10 21:12:58'),
(60, 'E43', 968, 1, '2020-08-10 21:13:24', '2020-08-10 21:13:24'),
(61, 'E44', 524, 1, '2020-08-10 21:13:43', '2020-08-10 21:13:43'),
(62, 'E50', 2400, 1, '2020-08-10 21:16:39', '2020-08-10 21:16:39'),
(63, 'E52', 843, 2, '2020-08-10 21:17:05', '2020-08-11 01:06:52'),
(65, 'E70', 1160, 1, '2020-08-10 21:28:02', '2020-08-10 21:28:02'),
(66, 'E71', 1357, 2, '2020-08-10 21:28:19', '2020-08-11 01:11:13'),
(67, 'E72', 1500, 2, '2020-08-10 21:28:40', '2020-08-11 01:13:37'),
(68, 'E73', 1578, 1, '2020-08-10 21:30:05', '2020-08-10 21:30:05'),
(69, 'E74', 2357, 2, '2020-08-10 21:30:25', '2020-08-11 01:22:04'),
(70, 'E75', 1734, 2, '2020-08-10 21:30:42', '2020-08-11 01:24:16'),
(71, 'E76', 1850, 2, '2020-08-10 21:36:09', '2020-08-11 01:29:02'),
(72, 'E77', 1995, 2, '2020-08-10 21:36:45', '2020-08-11 01:32:22'),
(73, 'E78', 3069, 2, '2020-08-10 21:37:03', '2020-08-11 01:33:26'),
(74, 'E79', 2133, 2, '2020-08-10 21:37:24', '2020-08-11 01:34:38'),
(76, 'E81', 1160, 2, '2020-08-10 21:38:07', '2020-08-11 01:36:16'),
(77, 'R1', 2421, 1, '2020-08-10 21:38:35', '2020-08-10 21:38:35'),
(78, 'R2', 1200, 1, '2020-08-10 21:39:18', '2020-08-10 21:39:18'),
(79, 'R3', 1220, 1, '2020-08-10 21:39:37', '2020-08-10 21:39:37'),
(80, 'R4', 6800, 2, '2020-08-10 21:41:33', '2020-08-11 01:38:31'),
(81, 'RC', 10000, 1, '2020-08-10 21:42:04', '2020-08-10 21:42:04'),
(82, 'Canal Piras', 1500, 1, '2020-08-10 21:42:40', '2020-08-10 21:42:40'),
(83, 'E112', 1938, 2, '2020-08-10 21:43:26', '2020-08-11 01:40:26'),
(84, 'E113', 2166, 2, '2020-08-10 21:43:41', '2020-08-11 01:42:01'),
(85, 'E114', 800, 2, '2020-08-10 21:44:01', '2020-08-11 01:43:23'),
(86, 'E64', 1500, 2, '2020-08-11 01:08:12', '2020-08-11 01:09:21'),
(87, 'E63', 1000, 2, '2020-08-11 21:21:01', '2020-08-11 21:22:01'),
(88, 'E20', 9342, 2, '2020-08-13 00:20:57', '2020-08-16 02:12:54'),
(89, 'E75', 1661, 2, '2020-08-20 21:59:02', '2020-08-20 22:05:13'),
(91, '19 viejo', 15000, 2, '2020-08-21 18:05:24', '2020-08-21 18:10:33'),
(93, '76 2019', 1661, 2, '2020-08-22 01:28:40', '2020-08-22 01:30:08');

-- --------------------------------------------------------

--
-- Estructura de tabla para la tabla `especies`
--

CREATE TABLE `especies` (
  `id` int(11) NOT NULL,
  `especie` varchar(350) COLLATE utf8mb4_spanish2_ci NOT NULL,
  `descripcion` text COLLATE utf8mb4_spanish2_ci NOT NULL,
  `created_at` timestamp NOT NULL DEFAULT current_timestamp(),
  `updated_at` timestamp NOT NULL DEFAULT current_timestamp() ON UPDATE current_timestamp()
) ENGINE=InnoDB DEFAULT CHARSET=utf8mb4 COLLATE=utf8mb4_spanish2_ci;

--
-- Volcado de datos para la tabla `especies`
--

INSERT INTO `especies` (`id`, `especie`, `descripcion`, `created_at`, `updated_at`) VALUES
(1, 'Cachama', 'lorem lorem lorem lorem lorem lorem lorem lorem', '2020-08-18 21:02:11', '2020-08-18 21:02:11'),
(2, 'Tilapia', 'lorem lorem lorem lorem lorem lorem lorem lorem', '2020-08-18 21:02:16', '2020-08-18 21:02:16'),
(3, 'Salmon', 'lorem lorem lorem lorem lorem lorem lorem lorem', '2020-08-18 21:02:21', '2020-08-18 21:02:21'),
(4, 'Sábalo', 'lorem lorem lorem lorem lorem lorem lorem lorem', '2020-08-18 21:03:27', '2020-08-18 21:03:27'),
(10, 'Pirarucu', 'Pirarucu', '2020-07-21 17:29:33', '2020-07-21 17:29:33'),
(11, 'Cachama', 'Blanca', '2020-07-23 20:44:07', '2020-07-23 20:44:07'),
(12, 'Tilapia', 'Roja', '2020-07-23 20:44:32', '2020-07-23 20:44:32'),
(13, 'Sabalo', 'Amazónico', '2020-07-23 20:44:44', '2020-07-23 20:44:44'),
(14, 'Bocachico', 'Amazónico', '2020-07-23 20:45:00', '2020-07-23 20:45:00'),
(15, 'Arawana', 'Plateada', '2020-07-23 20:45:13', '2020-07-23 20:45:13'),
(16, 'Carpa', 'Roja', '2020-07-23 20:45:52', '2020-07-23 20:45:52'),
(17, 'Bagre', 'Rayado', '2020-07-23 20:46:06', '2020-07-23 20:46:06'),
(18, 'Cachama Grande', 'Grande', '2020-08-10 23:48:59', '2020-08-10 23:48:59');

-- --------------------------------------------------------

--
-- Estructura de tabla para la tabla `especies_siembra`
--

CREATE TABLE `especies_siembra` (
  `id` int(11) NOT NULL,
  `id_siembra` int(11) DEFAULT NULL,
  `lote` varchar(200) DEFAULT NULL,
  `id_especie` int(11) NOT NULL,
  `cantidad` int(11) NOT NULL,
  `peso_inicial` int(11) NOT NULL,
  `created_at` timestamp NOT NULL DEFAULT current_timestamp(),
  `updated_at` timestamp NOT NULL DEFAULT current_timestamp() ON UPDATE current_timestamp(),
  `cant_actual` int(11) NOT NULL,
  `peso_actual` double NOT NULL
) ENGINE=InnoDB DEFAULT CHARSET=utf8mb4;

--
-- Volcado de datos para la tabla `especies_siembra`
--

INSERT INTO `especies_siembra` (`id`, `id_siembra`, `lote`, `id_especie`, `cantidad`, `peso_inicial`, `created_at`, `updated_at`, `cant_actual`, `peso_actual`) VALUES
(1, 1, '45EN', 1, 2000, 50, '2020-08-18 21:15:05', '2020-08-18 21:15:05', 2000, 50),
(2, 1, '45ES', 3, 3000, 60, '2020-08-18 21:15:05', '2020-08-18 21:15:05', 3000, 60),
(3, 1, '65ST', 4, 3000, 4000, '2020-08-18 21:15:05', '2020-08-18 21:15:05', 3000, 4000),
(4, 2, 'SO09', 1, 9000, 60, '2020-08-18 21:24:22', '2020-08-18 21:30:24', 8500, 40),
(5, 2, 'JI08', 3, 9000, 100, '2020-08-18 21:24:22', '2020-08-18 21:30:24', 8800, 100),
(6, 3, 'K09L', 3, 3000, 90, '2020-08-18 21:25:54', '2020-08-18 21:25:54', 3000, 90),
(7, 3, 'JK08', 4, 9000, 40, '2020-08-18 21:25:54', '2020-08-18 21:25:54', 9000, 40),
(145, 31, '1', 11, 35000, 80, '2020-07-23 20:56:13', '2020-07-23 21:21:10', 34884, 426),
(146, 31, '3', 12, 4000, 50, '2020-07-23 20:56:13', '2020-07-23 21:21:10', 3770, 250),
(147, 31, '2', 13, 800, 60, '2020-07-23 20:56:13', '2020-07-23 21:21:10', 787, 410),
(154, 35, '1', 11, 20000, 1, '2020-08-08 01:10:49', '2020-08-08 01:10:49', 20000, 0.6),
(155, 36, '15', 11, 230, 48, '2020-08-10 22:56:26', '2020-08-10 22:56:26', 230, 48),
(156, 37, 'E15', 11, 2500, 67, '2020-08-10 23:00:22', '2020-08-20 20:25:58', 2500, 345),
(157, 38, 'E15', 11, 3500, 66, '2020-08-10 23:19:35', '2020-08-20 20:23:34', 3500, 325),
(158, 39, 'E9', 11, 6350, 31, '2020-08-10 23:22:21', '2020-08-20 20:29:56', 6350, 51),
(159, 40, 'E112', 11, 20000, 11, '2020-08-10 23:26:37', '2020-08-20 20:31:42', 20000, 42),
(160, 41, 'E64', 11, 19300, 30, '2020-08-10 23:37:38', '2020-08-20 20:37:52', 19300, 320),
(161, 42, 'E52', 12, 5000, 105, '2020-08-10 23:43:34', '2020-08-20 20:41:17', 5000, 278),
(162, 43, '1', 11, 18000, 84, '2020-08-10 23:46:32', '2020-08-20 20:43:52', 18000, 368),
(163, 44, 'E13', 11, 2000, 213, '2020-08-11 00:04:07', '2020-08-20 20:47:10', 2000, 410),
(164, 44, 'E112', 18, 900, 2100, '2020-08-11 00:04:07', '2020-08-20 20:47:10', 900, 2430),
(165, 44, 'E20', 14, 100, 500, '2020-08-11 00:04:07', '2020-08-20 20:47:10', 100, 680),
(166, 44, 'E25', 13, 600, 400, '2020-08-11 00:04:07', '2020-08-20 20:47:10', 600, 480),
(167, 45, 'Acuapeces', 11, 97000, 2, '2020-08-11 00:19:19', '2020-08-11 00:19:19', 97000, 1.6),
(168, 46, 'E37', 11, 30000, 16, '2020-08-11 00:28:41', '2020-08-20 20:52:19', 30000, 122),
(169, 46, 'E63', 12, 3400, 80, '2020-08-11 00:28:41', '2020-08-11 00:28:41', 3400, 80),
(170, 46, 'E20', 14, 100, 520, '2020-08-11 00:28:41', '2020-08-11 00:28:41', 100, 520),
(171, 47, 'E64', 11, 17000, 65, '2020-08-11 00:32:58', '2020-08-11 00:32:58', 17000, 65),
(172, 48, 'E26', 13, 11600, 68, '2020-08-11 00:34:31', '2020-08-20 20:55:47', 11600, 410),
(173, 49, 'E25', 13, 1000, 310, '2020-08-11 00:37:42', '2020-08-20 20:58:21', 1000, 520),
(174, 50, '1', 13, 17000, 3, '2020-08-11 00:46:04', '2020-08-20 21:01:31', 17000, 380),
(175, 51, 'A17', 13, 60000, 13, '2020-08-11 00:48:09', '2020-08-20 21:03:48', 60000, 160),
(176, 52, 'E63', 12, 12500, 91, '2020-08-11 00:55:24', '2020-08-20 21:07:46', 12500, 232),
(177, 53, 'E15', 11, 6900, 25, '2020-08-11 00:56:58', '2020-08-20 21:09:20', 6900, 157),
(178, 54, 'A34', 11, 5400, 16, '2020-08-11 00:58:03', '2020-08-20 21:16:15', 5400, 44),
(179, 55, 'E10', 11, 2600, 113, '2020-08-11 00:58:57', '2020-08-20 21:18:55', 2600, 320),
(180, 56, 'Acuapeces', 11, 37000, 1, '2020-08-11 01:01:08', '2020-08-11 01:01:08', 37000, 1.3),
(181, 57, 'E41', 10, 237, 1500, '2020-08-11 01:02:34', '2020-08-11 01:02:34', 237, 1500),
(182, 58, 'E69', 12, 40000, 0, '2020-08-11 01:06:52', '2020-08-20 21:26:11', 40000, 12),
(183, 59, 'A16', 11, 45000, 0, '2020-08-11 01:09:21', '2020-08-20 21:29:07', 45000, 14),
(184, 60, '1', 12, 11979, 44, '2020-08-11 01:11:13', '2020-08-20 21:33:40', 11979, 305),
(192, 68, 'A34', 11, 4900, 28, '2020-08-11 01:35:28', '2020-08-11 01:35:28', 4900, 28),
(205, 80, 'A1399', 11, 35000, 80, '2020-08-21 18:10:33', '2020-09-01 22:06:40', 34892, 426),
(206, 80, 'A1399', 12, 4000, 50, '2020-08-21 18:10:33', '2020-08-21 19:07:42', 3960, 250),
(207, 80, 'A1399', 13, 800, 60, '2020-08-21 18:10:33', '2020-08-21 19:07:42', 587, 410),
(208, 81, 'NR', 12, 17000, 1, '2020-08-22 01:26:04', '2020-08-22 01:26:04', 17000, 0.5);

-- --------------------------------------------------------

--
-- Estructura de tabla para la tabla `failed_jobs`
--

CREATE TABLE `failed_jobs` (
  `id` bigint(20) UNSIGNED NOT NULL,
  `connection` text COLLATE utf8mb4_unicode_ci NOT NULL,
  `queue` text COLLATE utf8mb4_unicode_ci NOT NULL,
  `payload` longtext COLLATE utf8mb4_unicode_ci NOT NULL,
  `exception` longtext COLLATE utf8mb4_unicode_ci NOT NULL,
  `failed_at` timestamp NOT NULL DEFAULT current_timestamp()
) ENGINE=InnoDB DEFAULT CHARSET=utf8mb4 COLLATE=utf8mb4_unicode_ci;

-- --------------------------------------------------------

--
-- Estructura de tabla para la tabla `migrations`
--

CREATE TABLE `migrations` (
  `id` int(10) UNSIGNED NOT NULL,
  `migration` varchar(191) COLLATE utf8mb4_unicode_ci NOT NULL,
  `batch` int(11) NOT NULL
) ENGINE=InnoDB DEFAULT CHARSET=utf8mb4 COLLATE=utf8mb4_unicode_ci;

--
-- Volcado de datos para la tabla `migrations`
--

INSERT INTO `migrations` (`id`, `migration`, `batch`) VALUES
(1, '2014_10_12_000000_create_users_table', 1),
(2, '2014_10_12_100000_create_password_resets_table', 1),
(3, '2019_08_19_000000_create_failed_jobs_table', 1);

-- --------------------------------------------------------

--
-- Estructura de tabla para la tabla `password_resets`
--

CREATE TABLE `password_resets` (
  `email` varchar(191) COLLATE utf8mb4_unicode_ci NOT NULL,
  `token` varchar(191) COLLATE utf8mb4_unicode_ci NOT NULL,
  `created_at` timestamp NULL DEFAULT NULL
) ENGINE=InnoDB DEFAULT CHARSET=utf8mb4 COLLATE=utf8mb4_unicode_ci;

-- --------------------------------------------------------

--
-- Estructura de tabla para la tabla `recursos`
--

CREATE TABLE `recursos` (
  `id` int(11) NOT NULL,
  `recurso` varchar(350) COLLATE utf8mb4_spanish2_ci NOT NULL,
  `unidad` varchar(250) COLLATE utf8mb4_spanish2_ci NOT NULL,
  `costo` double NOT NULL,
  `created_at` timestamp NOT NULL DEFAULT current_timestamp(),
  `updated_at` timestamp NOT NULL DEFAULT current_timestamp() ON UPDATE current_timestamp()
) ENGINE=InnoDB DEFAULT CHARSET=utf8mb4 COLLATE=utf8mb4_spanish2_ci;

--
-- Volcado de datos para la tabla `recursos`
--

INSERT INTO `recursos` (`id`, `recurso`, `unidad`, `costo`, `created_at`, `updated_at`) VALUES
(1, 'Carbonato', 'Kg', 300, '2020-08-18 21:06:07', '2020-08-18 21:06:07'),
(2, 'Hidroxido', 'Kg', 300, '2020-08-18 21:07:23', '2020-08-18 21:07:23'),
(3, 'Cal viva', 'Kg', 350, '2020-08-18 21:08:36', '2020-08-18 21:08:36'),
(4, 'Herbicida', 'mL', 86, '2020-08-18 21:08:58', '2020-08-18 21:08:58'),
(5, 'Probiotico', 'Lt', 40, '2020-08-18 21:09:24', '2020-08-18 21:09:24'),
(7, 'Cal viva', 'Kilogramos', 400, '2020-08-08 02:40:48', '2020-08-08 02:40:48'),
(8, 'Cal dolomita', 'Kilogramos', 125, '2020-08-08 02:41:17', '2020-08-08 02:41:17'),
(9, 'Carbonato de Calcio', 'Kilogramos', 325, '2020-08-08 02:41:54', '2020-08-08 02:41:54'),
(10, 'Simbiótica Fresh Plus', 'Litros', 115, '2020-08-08 02:47:54', '2020-08-08 02:47:54'),
(11, 'Simbiótica Pitalito', 'Litros', 54, '2020-08-08 02:48:27', '2020-08-08 02:48:27'),
(12, 'Probiótico Oxynova', 'Litros', 121, '2020-08-08 02:49:07', '2020-08-08 02:49:07'),
(13, 'Probiótico Ecopró', 'Litros', 2274, '2020-08-08 02:49:41', '2020-08-08 02:49:41'),
(14, 'Probiótico Fresh Plus', 'Litros', 166, '2020-08-08 02:50:32', '2020-08-08 02:50:32'),
(15, 'Hora hombre', 'Minuto', 5000, '2020-08-08 02:53:31', '2020-08-31 21:40:09'),
(16, 'Aireador splash brasilero', 'Hora', 661, '2020-08-08 02:54:57', '2020-08-08 02:54:57');

-- --------------------------------------------------------

--
-- Estructura de tabla para la tabla `recursos_necesarios`
--

CREATE TABLE `recursos_necesarios` (
  `id` int(11) NOT NULL,
  `id_recurso` int(11) DEFAULT NULL,
  `id_alimento` int(11) DEFAULT NULL,
  `tipo_actividad` varchar(50) NOT NULL,
  `fecha_ra` date NOT NULL,
  `horas_hombre` int(11) NOT NULL,
  `cant_manana` int(11) NOT NULL,
  `cant_tarde` int(11) NOT NULL,
  `detalles` varchar(200) NOT NULL,
  `created_at` timestamp NOT NULL DEFAULT current_timestamp() ON UPDATE current_timestamp(),
  `updated_at` timestamp NOT NULL DEFAULT current_timestamp()
) ENGINE=InnoDB DEFAULT CHARSET=utf8mb4;

--
-- Volcado de datos para la tabla `recursos_necesarios`
--

INSERT INTO `recursos_necesarios` (`id`, `id_recurso`, `id_alimento`, `tipo_actividad`, `fecha_ra`, `horas_hombre`, `cant_manana`, `cant_tarde`, `detalles`, `created_at`, `updated_at`) VALUES
(1, 0, 1, 'Alimentacion', '2020-08-18', 4, 0, 0, '', '2020-08-31 23:46:35', '2020-08-18 21:27:24'),
(2, 0, 1, 'Alimentacion', '2020-08-20', 4, 0, 0, '', '2020-08-31 23:46:39', '2020-08-18 21:28:37'),
(3, 0, 1, 'Alimentacion', '2020-08-18', 4, 0, 0, '', '2020-08-31 23:46:43', '2020-08-18 21:28:55'),
(4, 1, 0, 'Llenado', '2020-08-18', 3, 3, 2, '', '2020-08-18 21:35:27', '2020-08-18 21:35:27'),
(7, 0, 41, 'Alimentacion', '2018-06-21', 1, 45, 40, 'E19', '2020-08-31 23:46:49', '2020-08-04 02:50:56'),
(13, 0, 38, 'Alimentacion', '2020-08-04', 1, 1, 1, 'E37', '2020-08-31 23:46:54', '2020-08-08 02:47:50'),
(14, 0, 38, 'Alimentacion', '2020-08-05', 1, 1, 2, 'E37', '2020-08-31 23:46:57', '2020-08-08 02:49:24'),
(15, 0, 38, 'Alimentacion', '2020-08-06', 1, 2, 1, 'E37', '2020-08-31 23:47:00', '2020-08-08 02:49:47'),
(18, 0, 41, 'Alimentacion', '2020-05-11', 1, 20, 0, '38% 2,5', '2020-08-31 23:47:05', '2020-08-21 00:06:01'),
(21, 0, 41, 'Alimentacion', '2020-05-12', 1, 30, 10, '38% 2,5', '2020-08-31 23:47:10', '2020-08-21 00:10:07'),
(22, 0, 41, 'Alimentacion', '2020-05-13', 1, 10, 10, '38% 2,5', '2020-08-31 23:49:50', '2020-08-21 00:11:50'),
(23, 0, 41, 'Alimentacion', '2020-05-14', 1, 15, 10, '38% 2,5', '2020-08-31 23:49:50', '2020-08-21 00:12:24'),
(24, 0, 41, 'Alimentacion', '2020-05-15', 1, 0, 15, '38% 2,5', '2020-08-31 23:49:50', '2020-08-21 00:12:57'),
(25, 0, 41, 'Alimentacion', '2020-05-16', 1, 0, 15, '38% 2,5', '2020-08-31 23:49:50', '2020-08-21 00:13:43'),
(27, 0, 41, 'Alimentacion', '2020-05-18', 1, 15, 15, '38% 2,5', '2020-08-31 23:49:50', '2020-08-21 00:16:20'),
(28, 0, 41, 'Alimentacion', '2020-05-19', 1, 15, 15, '38% 2,5', '2020-08-31 23:49:50', '2020-08-21 00:16:46'),
(29, 0, 41, 'Alimentacion', '2020-05-20', 1, 30, 15, '38% 2,5', '2020-08-31 23:49:50', '2020-08-21 00:18:31'),
(30, 0, 42, 'Alimentacion', '2020-05-21', 1, 40, 20, '32% 2,8 mm', '2020-08-31 23:49:50', '2020-08-21 00:27:29'),
(31, 0, 42, 'Alimentacion', '2020-05-22', 1, 30, 20, '32% 2,8 mm', '2020-08-31 23:49:50', '2020-08-21 00:27:59'),
(32, 0, 42, 'Alimentacion', '2020-05-23', 1, 20, 20, '32% 2,8 mm', '2020-08-31 23:49:50', '2020-08-21 00:33:04'),
(34, 0, 42, 'Alimentacion', '2020-05-25', 1, 35, 0, '32% 2,8 mm', '2020-08-31 23:49:50', '2020-08-21 00:34:02'),
(35, 0, 42, 'Alimentacion', '2020-05-26', 1, 0, 40, '32% 2,8 mm', '2020-08-31 23:49:50', '2020-08-21 00:34:38'),
(36, 0, 42, 'Alimentacion', '2020-05-27', 1, 0, 20, '32% 2,8 mm', '2020-08-31 23:49:50', '2020-08-21 00:36:54'),
(37, 0, 42, 'Alimentacion', '2020-05-28', 1, 40, 30, '32% 2,8 mm', '2020-08-31 23:49:50', '2020-08-21 00:38:12'),
(38, 0, 42, 'Alimentacion', '2020-05-29', 1, 0, 20, '32% 2,8 mm', '2020-08-31 23:49:50', '2020-08-21 00:39:01'),
(39, 0, 42, 'Alimentacion', '2020-05-30', 1, 30, 15, '32% 2,8 mm', '2020-08-31 23:49:50', '2020-08-21 00:39:39'),
(40, 0, 42, 'Alimentacion', '2020-05-31', 1, 30, 0, '32% 2,8 mm', '2020-08-31 23:49:50', '2020-08-21 00:40:09'),
(41, 0, 42, 'Alimentacion', '2020-06-01', 1, 40, 40, '32% 2,8 mm', '2020-08-31 23:49:50', '2020-08-21 00:41:08'),
(42, 0, 42, 'Alimentacion', '2020-06-02', 1, 80, 10, '32% 2,8 mm', '2020-08-31 23:49:50', '2020-08-21 00:41:57'),
(43, 0, 42, 'Alimentacion', '2020-06-03', 1, 0, 30, '32% 2,8 mm', '2020-08-31 23:49:50', '2020-08-21 00:43:31'),
(44, 0, 42, 'Alimentacion', '2020-06-04', 1, 80, 20, '32% 2,8 mm', '2020-08-31 23:49:50', '2020-08-21 00:44:01'),
(45, 0, 42, 'Alimentacion', '2020-06-05', 1, 80, 25, '32% 2,8 mm', '2020-08-31 23:49:50', '2020-08-21 00:44:37'),
(46, 0, 42, 'Alimentacion', '2020-06-05', 1, 80, 25, '32% 2,8 mm', '2020-08-31 23:49:50', '2020-08-21 00:44:38'),
(48, 0, 43, 'Alimentacion', '2020-06-06', 1, 30, 25, '32% 3,5 mm', '2020-08-31 23:49:50', '2020-08-21 00:47:27'),
(49, 0, 43, 'Alimentacion', '2020-06-07', 1, 0, 50, '32% 3,5 mm', '2020-08-31 23:49:50', '2020-08-21 00:48:03'),
(50, 0, 43, 'Alimentacion', '2020-06-08', 1, 80, 20, '32% 3,5 mm', '2020-08-31 23:49:50', '2020-08-21 00:48:26'),
(51, 0, 43, 'Alimentacion', '2020-06-09', 1, 80, 30, '32% 3,5 mm', '2020-08-31 23:49:50', '2020-08-21 00:48:49'),
(52, 0, 43, 'Alimentacion', '2020-06-10', 1, 80, 0, '32% 3,5 mm', '2020-08-31 23:49:50', '2020-08-21 00:49:20'),
(53, 0, 43, 'Alimentacion', '2020-06-11', 1, 80, 30, '32% 3,5 mm', '2020-08-31 23:49:50', '2020-08-21 00:50:04'),
(54, 0, 43, 'Alimentacion', '2020-06-12', 1, 80, 30, '32% 3,5 mm', '2020-08-31 23:49:50', '2020-08-21 00:50:31'),
(55, 0, 43, 'Alimentacion', '2020-06-13', 1, 40, 40, '32% 3,5 mm', '2020-08-31 23:49:50', '2020-08-21 00:51:03'),
(57, 0, 53, 'Alimentacion', '2020-06-15', 1, 60, 40, '30% 4,5 mm', '2020-08-31 23:49:50', '2020-08-21 00:54:29'),
(58, 0, 53, 'Alimentacion', '2020-06-16', 1, 80, 40, '30% 4,5 mm', '2020-08-31 23:49:50', '2020-08-21 00:55:00'),
(59, 0, 53, 'Alimentacion', '2020-06-17', 1, 0, 55, '30% 4,5 mm', '2020-08-31 23:49:50', '2020-08-21 00:55:28'),
(60, 0, 53, 'Alimentacion', '2020-06-18', 1, 80, 50, '30% 4,5 mm', '2020-08-31 23:49:50', '2020-08-21 00:56:01'),
(61, 0, 53, 'Alimentacion', '2020-06-19', 1, 40, 80, '30% 4,5 mm', '2020-08-31 23:49:50', '2020-08-21 00:56:36'),
(62, 0, 53, 'Alimentacion', '2020-06-20', 1, 40, 40, '30% 4,5 mm', '2020-08-31 23:49:50', '2020-08-21 00:57:10'),
(63, 0, 53, 'Alimentacion', '2020-06-21', 1, 80, 0, '30% 4,5 mm', '2020-08-31 23:49:50', '2020-08-21 00:57:40'),
(64, 0, 53, 'Alimentacion', '2020-06-22', 1, 40, 50, '30% 4,5 mm', '2020-08-31 23:49:50', '2020-08-21 00:58:32'),
(65, 0, 53, 'Alimentacion', '2020-06-23', 1, 40, 40, '30% 4,5 mm', '2020-08-31 23:49:50', '2020-08-21 00:59:04'),
(66, 0, 53, 'Alimentacion', '2020-06-24', 1, 40, 0, '30% 4,5 mm', '2020-08-31 23:49:50', '2020-08-21 00:59:24'),
(67, 0, 53, 'Alimentacion', '2020-06-25', 1, 80, 40, '30% 4,5 mm', '2020-08-31 23:49:50', '2020-08-21 00:59:46'),
(68, 0, 53, 'Alimentacion', '2020-06-26', 1, 80, 40, '30% 4,5 mm', '2020-08-31 23:49:50', '2020-08-21 01:00:13'),
(69, 0, 53, 'Alimentacion', '2020-06-27', 1, 0, 40, '30% 4,5 mm', '2020-08-31 23:49:50', '2020-08-21 01:01:08'),
(71, 0, 53, 'Alimentacion', '2020-06-28', 1, 80, 0, '30% 4,5 mm', '2020-08-31 23:49:50', '2020-08-21 01:02:24'),
(72, 0, 53, 'Alimentacion', '2020-06-29', 1, 80, 40, '30% 4,5 mm', '2020-08-31 23:49:50', '2020-08-21 01:02:49'),
(74, 0, 53, 'Alimentacion', '2020-06-30', 1, 80, 0, '30% 4,5 mm', '2020-08-31 23:49:50', '2020-08-21 01:03:40'),
(75, 0, 53, 'Alimentacion', '2020-07-01', 1, 80, 40, '30% 4,5 mm', '2020-08-31 23:49:50', '2020-08-21 01:04:34'),
(76, 0, 53, 'Alimentacion', '2020-07-02', 1, 80, 40, '30% 4,5 mm', '2020-08-31 23:49:50', '2020-08-21 01:04:46'),
(77, 0, 53, 'Alimentacion', '2020-07-03', 1, 80, 0, '30% 4,5 mm', '2020-08-31 23:49:50', '2020-08-21 01:05:15'),
(78, 0, 53, 'Alimentacion', '2020-07-04', 1, 0, 80, '30% 4,5 mm', '2020-08-31 23:49:50', '2020-08-21 01:05:36'),
(80, 0, 53, 'Alimentacion', '2020-07-06', 1, 80, 40, '30% 4,5 mm', '2020-08-31 23:49:50', '2020-08-21 01:07:04'),
(81, 0, 53, 'Alimentacion', '2020-07-07', 1, 40, 80, '30% 4,5 mm', '2020-08-31 23:49:50', '2020-08-21 01:09:51'),
(82, 0, 53, 'Alimentacion', '2020-07-08', 1, 80, 60, '30% 4,5 mm', '2020-08-31 23:49:50', '2020-08-21 01:10:21'),
(83, 0, 53, 'Alimentacion', '2020-07-09', 1, 90, 40, '30% 4,5 mm', '2020-08-31 23:49:50', '2020-08-21 01:10:38'),
(84, 0, 53, 'Alimentacion', '2020-07-10', 1, 80, 50, '30% 4,5 mm', '2020-08-31 23:49:50', '2020-08-21 01:11:04'),
(85, 0, 53, 'Alimentacion', '2020-07-11', 1, 100, 40, '30% 4,5 mm', '2020-08-31 23:49:50', '2020-08-21 01:11:44'),
(88, 0, 53, 'Alimentacion', '2020-07-13', 1, 100, 40, '30% 4,5 mm', '2020-08-31 23:49:50', '2020-08-21 01:13:59'),
(89, 0, 53, 'Alimentacion', '2020-07-14', 1, 0, 40, '30% 4,5 mm', '2020-08-31 23:49:50', '2020-08-21 01:14:37'),
(90, 0, 53, 'Alimentacion', '2020-07-15', 1, 80, 40, '30% 4,5 mm', '2020-08-31 23:49:50', '2020-08-21 01:15:15'),
(91, 0, 53, 'Alimentacion', '2020-07-16', 1, 100, 40, '30% 4,5 mm', '2020-08-31 23:49:50', '2020-08-21 01:15:58'),
(92, 0, 53, 'Alimentacion', '2020-07-17', 1, 0, 55, '30% 4,5 mm', '2020-08-31 23:49:50', '2020-08-21 01:16:13'),
(93, 0, 53, 'Alimentacion', '2020-07-18', 1, 100, 40, '30% 4,5 mm', '2020-08-31 23:49:50', '2020-08-21 01:17:22'),
(95, 0, 53, 'Alimentacion', '2020-07-20', 1, 100, 40, '30% 4,5 mm', '2020-08-31 23:49:50', '2020-08-21 01:19:05'),
(96, 0, 53, 'Alimentacion', '2020-07-21', 1, 90, 40, '30% 4,5 mm', '2020-08-31 23:49:50', '2020-08-21 01:19:28'),
(97, 0, 53, 'Alimentacion', '2020-07-22', 1, 100, 20, '30% 4,5 mm', '2020-08-31 23:49:50', '2020-08-21 01:19:44'),
(98, 0, 53, 'Alimentacion', '2020-07-23', 1, 100, 30, '30% 4,5 mm', '2020-08-31 23:49:50', '2020-08-21 01:20:08'),
(99, 0, 53, 'Alimentacion', '2020-07-24', 1, 90, 40, '30% 4,5 mm', '2020-08-31 23:49:50', '2020-08-21 01:20:32'),
(100, 0, 53, 'Alimentacion', '2020-07-25', 1, 0, 40, '30% 4,5 mm', '2020-08-31 23:49:50', '2020-08-21 01:21:00'),
(101, 0, 53, 'Alimentacion', '2020-07-26', 1, 40, 0, '30% 4,5 mm', '2020-08-31 23:49:50', '2020-08-21 01:21:20'),
(102, 0, 53, 'Alimentacion', '2020-07-27', 1, 55, 80, '30% 4,5 mm', '2020-08-31 23:49:50', '2020-08-21 01:21:38'),
(103, 0, 53, 'Alimentacion', '2020-07-28', 1, 100, 40, '30% 4,5 mm', '2020-08-31 23:49:50', '2020-08-21 01:21:58'),
(104, 0, 53, 'Alimentacion', '2020-07-29', 1, 90, 40, '30% 4,5 mm', '2020-08-31 23:49:50', '2020-08-21 01:22:20'),
(105, 0, 53, 'Alimentacion', '2020-07-30', 1, 40, 50, '30% 4,5 mm', '2020-08-31 23:49:50', '2020-08-21 01:23:14'),
(106, 0, 53, 'Alimentacion', '2020-07-31', 0, 0, 0, '30% 4,5 mm', '2020-08-31 23:49:50', '2020-08-21 01:23:57'),
(111, 0, 53, 'Alimentacion', '2020-08-01', 1, 90, 50, '30% 4,5 mm', '2020-08-31 23:49:50', '2020-08-21 01:26:19'),
(112, 0, 53, 'Alimentacion', '2020-08-02', 1, 0, 70, '30% 4,5 mm', '2020-08-31 23:49:50', '2020-08-21 01:27:03'),
(113, 0, 53, 'Alimentacion', '2020-08-03', 1, 100, 40, '30% 4,5 mm', '2020-08-31 23:49:50', '2020-08-21 01:27:18'),
(116, 0, 53, 'Alimentacion', '2020-08-04', 1, 50, 50, '30% 4,5 mm', '2020-08-31 23:49:50', '2020-08-21 01:27:55'),
(117, 0, 53, 'Alimentacion', '2020-08-05', 1, 40, 10, '30% 4,5 mm', '2020-08-31 23:49:50', '2020-08-21 01:28:42'),
(118, 0, 53, 'Alimentacion', '2020-08-06', 1, 80, 15, '30% 4,5 mm', '2020-08-31 23:49:50', '2020-08-21 01:29:50'),
(119, 0, 53, 'Alimentacion', '2020-08-07', 1, 0, 10, '30% 4,5 mm', '2020-08-31 23:49:50', '2020-08-21 01:30:15'),
(120, 0, 53, 'Alimentacion', '2020-08-08', 1, 50, 40, '30% 4,5 mm', '2020-08-31 23:49:50', '2020-08-21 01:31:00'),
(121, 0, 53, 'Alimentacion', '2020-08-09', 1, 15, 0, '30% 4,5 mm', '2020-08-31 23:49:50', '2020-08-21 01:32:17'),
(122, 0, 53, 'Alimentacion', '2020-08-10', 1, 80, 40, '30% 4,5 mm', '2020-08-31 23:49:50', '2020-08-21 01:32:59'),
(123, 0, 53, 'Alimentacion', '2020-08-11', 1, 55, 40, '30% 4,5 mm', '2020-08-31 23:49:50', '2020-08-21 01:33:45'),
(124, 0, 53, 'Alimentacion', '2020-08-12', 1, 110, 80, '30% 4,5 mm', '2020-08-31 23:49:50', '2020-08-21 01:34:23'),
(125, 0, 53, 'Alimentacion', '2020-08-13', 1, 100, 30, '30% 4,5 mm', '2020-08-31 23:49:50', '2020-08-21 01:34:47'),
(127, 0, 53, 'Alimentacion', '2020-08-14', 0, 0, 0, '30% 4,5 mm', '2020-08-31 23:49:50', '2020-08-21 01:36:19'),
(128, 0, 53, 'Alimentacion', '2020-08-15', 1, 40, 15, '30% 4,5 mm', '2020-08-31 23:49:50', '2020-08-21 01:37:05'),
(129, 0, 41, 'Alimentacion', '2020-05-17', 0, 0, 0, '38% 2,5 mm', '2020-08-31 23:49:50', '2020-08-21 02:06:44'),
(130, 0, 42, 'Alimentacion', '2020-05-24', 0, 0, 0, '32% 2,8 mm', '2020-08-31 23:49:50', '2020-08-21 02:08:58'),
(131, 0, 42, 'Alimentacion', '2020-06-14', 0, 0, 0, '32% 3,5 mm', '2020-08-31 23:49:50', '2020-08-21 02:10:20'),
(133, 0, 53, 'Alimentacion', '2020-07-05', 0, 0, 0, '30% 4,5 mm', '2020-08-31 23:49:50', '2020-08-21 02:12:02'),
(134, 0, 53, 'Alimentacion', '2020-07-12', 0, 0, 0, '30% 4,5 mm', '2020-08-31 23:49:50', '2020-08-21 02:13:06'),
(135, 0, 53, 'Alimentacion', '2020-07-19', 0, 0, 0, '30% 4,5 mm', '2020-08-31 23:49:50', '2020-08-21 02:13:40'),
(137, 0, 41, 'Alimentacion', '2018-06-21', 1, 45, 40, '2,5 mm', '2020-08-31 23:49:50', '2020-08-21 20:00:04'),
(138, 0, 41, 'Alimentacion', '2018-06-22', 1, 45, 45, '2,5 mm', '2020-08-31 23:49:50', '2020-08-21 20:00:35'),
(139, 0, 41, 'Alimentacion', '2018-06-23', 1, 50, 45, '2,5 mm', '2020-08-31 23:49:50', '2020-08-21 20:01:28'),
(140, 0, 41, 'Alimentacion', '2018-06-24', 1, 55, 50, '2,5 mm', '2020-08-31 23:49:50', '2020-08-21 20:02:54'),
(141, 0, 41, 'Alimentacion', '2018-06-25', 1, 55, 50, '2,5 mm', '2020-08-31 23:49:50', '2020-08-21 20:03:19'),
(142, 0, 41, 'Alimentacion', '2018-06-26', 1, 55, 50, '2,5 mm', '2020-08-31 23:49:50', '2020-08-21 20:03:30'),
(143, 0, 41, 'Alimentacion', '2018-06-27', 1, 55, 55, '2,5 mm', '2020-08-31 23:49:50', '2020-08-21 20:06:34'),
(144, 0, 41, 'Alimentacion', '2018-06-28', 1, 55, 55, '2,5 mm', '2020-08-31 23:49:50', '2020-08-21 20:06:51'),
(145, 0, 41, 'Alimentacion', '2018-06-29', 1, 55, 55, '2,5 mm', '2020-08-31 23:49:50', '2020-08-21 20:07:10'),
(146, 0, 41, 'Alimentacion', '2018-06-30', 1, 60, 50, '2,5 mm', '2020-08-31 23:49:50', '2020-08-21 20:07:51'),
(147, 0, 41, 'Alimentacion', '2018-07-01', 1, 65, 50, '2,5 mm', '2020-08-31 23:49:50', '2020-08-21 20:08:25'),
(148, 0, 41, 'Alimentacion', '2018-07-02', 1, 65, 55, '2,5 mm', '2020-08-31 23:49:50', '2020-08-21 20:08:44'),
(149, 0, 41, 'Alimentacion', '2018-07-03', 1, 65, 55, '2,5 mm', '2020-08-31 23:49:50', '2020-08-21 20:09:01'),
(150, 0, 41, 'Alimentacion', '2018-07-04', 1, 65, 55, '2,5 mm', '2020-08-31 23:49:50', '2020-08-21 20:10:08'),
(151, 0, 41, 'Alimentacion', '2018-07-05', 1, 70, 60, '2,5 mm', '2020-08-31 23:49:50', '2020-08-21 20:10:46'),
(152, 0, 41, 'Alimentacion', '2018-07-06', 1, 70, 60, '2,5 mm', '2020-08-31 23:49:50', '2020-08-21 20:11:06'),
(153, 0, 41, 'Alimentacion', '2018-07-07', 1, 70, 60, '2,5 mm', '2020-08-31 23:49:50', '2020-08-21 20:11:22'),
(154, 0, 41, 'Alimentacion', '2018-07-08', 1, 75, 65, '2,5 mm', '2020-08-31 23:49:50', '2020-08-21 20:12:28'),
(155, 0, 41, 'Alimentacion', '2018-07-09', 1, 75, 65, '2,5 mm', '2020-08-31 23:49:50', '2020-08-21 20:12:54'),
(156, 0, 41, 'Alimentacion', '2018-07-10', 1, 75, 65, '2,5 mm', '2020-08-31 23:49:50', '2020-08-21 20:13:07'),
(157, 0, 41, 'Alimentacion', '2018-07-11', 1, 80, 70, '2,5 mm', '2020-08-31 23:49:50', '2020-08-21 20:13:28'),
(161, 0, 41, 'Alimentacion', '2018-04-15', 1, 80, 70, '2,5 mm', '2020-08-31 23:49:50', '2020-08-21 20:13:48'),
(162, 0, 41, 'Alimentacion', '2018-04-14', 1, 80, 70, '2,5 mm', '2020-08-31 23:49:50', '2020-08-21 20:14:52'),
(163, 0, 41, 'Alimentacion', '2018-04-14', 1, 80, 70, '2,5 mm', '2020-08-31 23:49:50', '2020-08-21 20:15:06'),
(178, 0, 44, 'Alimentacion', '2018-07-12', 1, 80, 70, '4,7 mm', '2020-08-31 23:49:50', '2020-08-21 20:30:15'),
(179, 0, 44, 'Alimentacion', '2018-07-13', 1, 80, 70, '4,7 mm', '2020-08-31 23:49:50', '2020-08-21 20:31:14'),
(182, 0, 44, 'Alimentacion', '2018-07-16', 1, 80, 70, '4,7 mm', '2020-08-31 23:49:50', '2020-08-21 20:32:04'),
(183, 0, 44, 'Alimentacion', '2018-07-17', 1, 80, 70, '4,7 mm', '2020-08-31 23:49:50', '2020-08-21 20:32:37'),
(184, 0, 44, 'Alimentacion', '2018-07-18', 1, 85, 75, '4,7 mm', '2020-08-31 23:49:50', '2020-08-21 20:32:55'),
(185, 0, 44, 'Alimentacion', '2018-07-19', 1, 85, 75, '4,7 mm', '2020-08-31 23:49:50', '2020-08-21 20:33:21'),
(186, 0, 44, 'Alimentacion', '2018-07-20', 1, 85, 75, '4,7 mm', '2020-08-31 23:49:50', '2020-08-21 20:33:43'),
(187, 0, 44, 'Alimentacion', '2018-07-21', 1, 90, 85, '4,7 mm', '2020-08-31 23:49:50', '2020-08-21 20:33:55'),
(188, 0, 44, 'Alimentacion', '2018-07-22', 1, 90, 85, '4,7 mm', '2020-08-31 23:49:50', '2020-08-21 20:34:07'),
(189, 0, 44, 'Alimentacion', '2018-07-23', 1, 90, 85, '4,7 mm', '2020-08-31 23:49:50', '2020-08-21 20:34:14'),
(190, 0, 44, 'Alimentacion', '2018-07-24', 1, 90, 85, '4,7 mm', '2020-08-31 23:49:50', '2020-08-21 20:34:47'),
(191, 0, 44, 'Alimentacion', '2018-07-25', 1, 90, 85, '4,7 mm', '2020-08-31 23:49:50', '2020-08-21 20:34:52'),
(192, 0, 44, 'Alimentacion', '2018-07-26', 1, 90, 85, '4,7 mm', '2020-08-31 23:49:50', '2020-08-21 20:35:04'),
(193, 0, 44, 'Alimentacion', '2018-07-27', 1, 90, 85, '4,7 mm', '2020-08-31 23:49:50', '2020-08-21 20:35:09'),
(194, 0, 44, 'Alimentacion', '2018-07-28', 1, 90, 85, '4,7 mm', '2020-08-31 23:49:50', '2020-08-21 20:35:14'),
(195, 0, 44, 'Alimentacion', '2018-07-29', 1, 0, 0, '4,7 mm', '2020-08-31 23:49:50', '2020-08-21 20:35:28'),
(196, 0, 44, 'Alimentacion', '2018-07-15', 0, 0, 0, '4,7 mm', '2020-08-31 23:49:50', '2020-08-21 20:36:24'),
(197, 0, 44, 'Alimentacion', '2018-07-30', 1, 100, 90, '4,7 mm', '2020-08-31 23:49:50', '2020-08-21 20:37:07'),
(198, 0, 44, 'Alimentacion', '2018-07-31', 1, 100, 90, '4,7 mm', '2020-08-31 23:49:50', '2020-08-21 20:37:27'),
(199, 0, 44, 'Alimentacion', '2018-08-01', 1, 100, 90, '4,7 mm', '2020-08-31 23:49:50', '2020-08-21 20:37:47'),
(200, 0, 44, 'Alimentacion', '2018-08-02', 1, 100, 90, '4,7 mm', '2020-08-31 23:49:50', '2020-08-21 20:37:56'),
(201, 0, 44, 'Alimentacion', '2018-08-03', 1, 100, 90, '4,7 mm', '2020-08-31 23:49:50', '2020-08-21 20:38:00'),
(206, 0, 44, 'Alimentacion', '2018-08-04', 1, 110, 100, '4,7 mm', '2020-08-31 23:49:50', '2020-08-21 20:40:32'),
(207, 0, 44, 'Alimentacion', '2018-08-05', 1, 110, 100, '4,7 mm', '2020-08-31 23:49:50', '2020-08-21 20:41:39'),
(208, 0, 44, 'Alimentacion', '2018-08-06', 1, 110, 100, '4,7 mm', '2020-08-31 23:49:50', '2020-08-21 20:41:52'),
(209, 0, 44, 'Alimentacion', '2018-08-07', 1, 110, 100, '4,7 mm', '2020-08-31 23:49:50', '2020-08-21 20:42:08'),
(210, 0, 44, 'Alimentacion', '2018-08-08', 1, 110, 100, '4,7 mm', '2020-08-31 23:49:50', '2020-08-21 20:42:29'),
(211, 0, 44, 'Alimentacion', '2018-08-09', 1, 110, 100, '4,7 mm', '2020-08-31 23:49:50', '2020-08-21 20:42:56'),
(214, 0, 44, 'Alimentacion', '2018-08-10', 1, 110, 100, '4,7 mm', '2020-08-31 23:49:50', '2020-08-21 20:44:23'),
(215, 0, 44, 'Alimentacion', '2018-08-11', 1, 110, 90, '4,7 mm', '2020-08-31 23:49:50', '2020-08-21 20:44:49'),
(216, 0, 44, 'Alimentacion', '2018-08-12', 1, 110, 90, '4,7 mm', '2020-08-31 23:49:50', '2020-08-21 20:45:16'),
(217, 0, 44, 'Alimentacion', '2018-08-13', 1, 110, 95, '4,7 mm', '2020-08-31 23:49:50', '2020-08-21 20:45:29'),
(218, 0, 44, 'Alimentacion', '2018-08-13', 1, 110, 95, '4,7 mm', '2020-08-31 23:49:50', '2020-08-21 20:45:30'),
(219, 0, 44, 'Alimentacion', '2018-08-14', 1, 110, 0, '4,7 mm', '2020-08-31 23:49:50', '2020-08-21 20:45:51'),
(220, 0, 44, 'Alimentacion', '2018-08-15', 1, 110, 100, '4,7 mm', '2020-08-31 23:49:50', '2020-08-21 20:46:30'),
(221, 0, 44, 'Alimentacion', '2018-08-16', 1, 110, 100, '4,7 mm', '2020-08-31 23:49:50', '2020-08-21 20:46:46'),
(222, 0, 44, 'Alimentacion', '2018-08-17', 1, 110, 100, '4,7 mm', '2020-08-31 23:49:50', '2020-08-21 20:47:07'),
(223, 0, 44, 'Alimentacion', '2018-08-18', 1, 110, 0, '4,7 mm', '2020-08-31 23:49:50', '2020-08-21 20:47:27'),
(224, 0, 44, 'Alimentacion', '2018-08-19', 0, 0, 0, '4,7 mm', '2020-08-31 23:49:50', '2020-08-21 20:48:03'),
(237, 0, 45, 'Alimentacion', '2018-08-20', 1, 110, 100, '4,7 mm', '2020-08-31 23:49:50', '2020-08-21 20:57:26'),
(238, 0, 45, 'Alimentacion', '2018-08-21', 1, 110, 100, '4,7 mm', '2020-08-31 23:49:50', '2020-08-21 20:57:42'),
(239, 0, 45, 'Alimentacion', '2018-08-22', 1, 120, 110, '4,7 mm', '2020-08-31 23:49:50', '2020-08-21 20:58:16'),
(240, 0, 45, 'Alimentacion', '2018-08-23', 1, 0, 110, '4,7 mm', '2020-08-31 23:49:50', '2020-08-21 20:58:32'),
(241, 0, 45, 'Alimentacion', '2018-08-24', 1, 120, 110, '4,7 mm', '2020-08-31 23:49:50', '2020-08-21 20:58:40'),
(243, 0, 45, 'Alimentacion', '2018-08-25', 1, 120, 110, '4,7 mm', '2020-08-31 23:49:50', '2020-08-21 20:58:51'),
(244, 0, 45, 'Alimentacion', '2018-08-26', 1, 120, 110, '4,7 mm', '2020-08-31 23:49:50', '2020-08-21 20:58:56'),
(245, 0, 45, 'Alimentacion', '2018-08-27', 1, 120, 0, '4,7 mm', '2020-08-31 23:49:50', '2020-08-21 20:59:09'),
(246, 0, 45, 'Alimentacion', '2018-08-28', 1, 120, 100, '4,7 mm', '2020-08-31 23:49:50', '2020-08-21 20:59:20'),
(247, 0, 45, 'Alimentacion', '2018-08-29', 1, 120, 90, '4,7 mm', '2020-08-31 23:49:50', '2020-08-21 20:59:30'),
(248, 0, 45, 'Alimentacion', '2018-08-30', 1, 120, 90, '4,7 mm', '2020-08-31 23:49:50', '2020-08-21 21:01:08'),
(249, 0, 45, 'Alimentacion', '2018-08-31', 1, 0, 100, '4,7 mm', '2020-08-31 23:49:50', '2020-08-21 21:01:40'),
(250, 0, 45, 'Alimentacion', '2018-09-01', 1, 120, 100, '4,7 mm', '2020-08-31 23:49:50', '2020-08-21 21:01:57'),
(251, 0, 45, 'Alimentacion', '2018-09-02', 1, 120, 100, '4,7 mm', '2020-08-31 23:49:50', '2020-08-21 21:02:05'),
(252, 0, 45, 'Alimentacion', '2018-09-03', 1, 120, 90, '4,7 mm', '2020-08-31 23:49:50', '2020-08-21 21:02:21'),
(253, 0, 45, 'Alimentacion', '2018-09-04', 1, 120, 90, '4,7 mm', '2020-08-31 23:49:50', '2020-08-21 21:02:33'),
(254, 0, 45, 'Alimentacion', '2018-09-05', 1, 0, 0, '4,7 mm', '2020-08-31 23:49:50', '2020-08-21 21:02:52'),
(255, 0, 45, 'Alimentacion', '2018-09-06', 1, 120, 90, '4,7 mm', '2020-08-31 23:49:50', '2020-08-21 21:03:02'),
(256, 0, 45, 'Alimentacion', '2018-09-07', 1, 120, 90, '4,7 mm', '2020-08-31 23:49:50', '2020-08-21 21:03:09'),
(257, 0, 45, 'Alimentacion', '2018-09-08', 1, 120, 90, '4,7 mm', '2020-08-31 23:49:50', '2020-08-21 21:03:17'),
(258, 0, 45, 'Alimentacion', '2018-09-09', 1, 120, 100, '4,7 mm', '2020-08-31 23:49:50', '2020-08-21 21:03:29'),
(259, 0, 45, 'Alimentacion', '2018-09-10', 1, 120, 100, '4,7 mm', '2020-08-31 23:49:50', '2020-08-21 21:03:55'),
(260, 0, 45, 'Alimentacion', '2018-09-11', 1, 120, 100, '4,7 mm', '2020-08-31 23:49:50', '2020-08-21 21:04:02'),
(261, 0, 45, 'Alimentacion', '2018-09-12', 1, 120, 0, '4,7 mm', '2020-08-31 23:49:50', '2020-08-21 21:04:12'),
(262, 0, 45, 'Alimentacion', '2018-09-13', 1, 120, 100, '4,7 mm', '2020-08-31 23:49:50', '2020-08-21 21:04:23'),
(263, 0, 45, 'Alimentacion', '2018-09-14', 1, 120, 100, '4,7 mm', '2020-08-31 23:49:50', '2020-08-21 21:05:41'),
(264, 0, 45, 'Alimentacion', '2018-09-15', 1, 120, 100, '4,7 mm', '2020-08-31 23:49:50', '2020-08-21 21:05:49'),
(265, 0, 45, 'Alimentacion', '2018-09-16', 1, 120, 100, '4,7 mm', '2020-08-31 23:49:50', '2020-08-21 21:05:55'),
(266, 0, 45, 'Alimentacion', '2018-09-17', 1, 0, 100, '4,7 mm', '2020-08-31 23:49:50', '2020-08-21 21:06:06'),
(267, 0, 45, 'Alimentacion', '2018-09-18', 1, 120, 100, '4,7 mm', '2020-08-31 23:49:50', '2020-08-21 21:06:31'),
(268, 0, 45, 'Alimentacion', '2018-09-19', 1, 120, 100, '4,7 mm', '2020-08-31 23:49:50', '2020-08-21 21:06:40'),
(269, 0, 45, 'Alimentacion', '2018-09-20', 1, 120, 100, '4,7 mm', '2020-08-31 23:49:50', '2020-08-21 21:06:46'),
(270, 0, 45, 'Alimentacion', '2018-09-21', 1, 120, 100, '4,7 mm', '2020-08-31 23:49:50', '2020-08-21 21:06:53'),
(271, 0, 45, 'Alimentacion', '2018-09-22', 1, 120, 100, '4,7 mm', '2020-08-31 23:49:50', '2020-08-21 21:06:58'),
(272, 0, 45, 'Alimentacion', '2018-09-23', 1, 120, 100, '4,7 mm', '2020-08-31 23:49:50', '2020-08-21 21:07:03'),
(273, 0, 45, 'Alimentacion', '2018-09-24', 1, 120, 0, '4,7 mm', '2020-08-31 23:49:50', '2020-08-21 21:07:13'),
(274, 0, 45, 'Alimentacion', '2018-09-25', 1, 110, 90, '4,7 mm', '2020-08-31 23:49:50', '2020-08-21 21:07:46'),
(275, 0, 45, 'Alimentacion', '2018-09-26', 1, 110, 90, '4,7 mm', '2020-08-31 23:49:50', '2020-08-21 21:08:02'),
(276, 0, 45, 'Alimentacion', '2018-09-27', 1, 120, 90, '4,7 mm', '2020-08-31 23:49:50', '2020-08-21 21:10:29'),
(277, 0, 45, 'Alimentacion', '2018-09-28', 1, 120, 100, '4,7 mm', '2020-08-31 23:49:50', '2020-08-21 21:11:13'),
(278, 0, 45, 'Alimentacion', '2018-09-29', 1, 120, 100, '4,7 mm', '2020-08-31 23:49:50', '2020-08-21 21:11:54'),
(279, 0, 45, 'Alimentacion', '2018-09-30', 1, 120, 0, '4,7 mm', '2020-08-31 23:49:50', '2020-08-21 21:12:04'),
(280, 0, 45, 'Alimentacion', '2018-10-01', 1, 120, 100, '4,7 mm', '2020-08-31 23:49:50', '2020-08-21 21:12:18'),
(281, 0, 45, 'Alimentacion', '2018-10-02', 1, 120, 100, '4,7 mm', '2020-08-31 23:49:50', '2020-08-21 21:13:02'),
(282, 0, 45, 'Alimentacion', '2018-10-03', 1, 120, 100, '4,7 mm', '2020-08-31 23:49:50', '2020-08-21 21:15:46'),
(283, 0, 45, 'Alimentacion', '2018-10-04', 1, 120, 0, '4,7 mm', '2020-08-31 23:49:50', '2020-08-21 21:15:58'),
(284, 0, 45, 'Alimentacion', '2018-10-05', 1, 120, 100, '4,7 mm', '2020-08-31 23:49:50', '2020-08-21 21:16:10'),
(285, 0, 45, 'Alimentacion', '2018-10-06', 1, 100, 90, '4,7 mm', '2020-08-31 23:49:50', '2020-08-21 21:16:21'),
(286, 0, 45, 'Alimentacion', '2018-10-07', 1, 100, 90, '4,7 mm', '2020-08-31 23:49:50', '2020-08-21 21:16:40'),
(287, 0, 45, 'Alimentacion', '2018-10-08', 1, 100, 90, '4,7 mm', '2020-08-31 23:49:50', '2020-08-21 21:17:04'),
(288, 0, 45, 'Alimentacion', '2018-10-09', 1, 100, 80, '4,7 mm', '2020-08-31 23:49:50', '2020-08-21 21:17:19'),
(289, 0, 45, 'Alimentacion', '2018-10-10', 1, 50, 70, '4,7 mm', '2020-08-31 23:49:50', '2020-08-21 21:17:32'),
(290, 0, 45, 'Alimentacion', '2018-10-11', 0, 0, 0, '4,7 mm', '2020-08-31 23:49:50', '2020-08-21 21:18:18'),
(291, 0, 45, 'Alimentacion', '2018-10-12', 1, 90, 0, '4,7 mm', '2020-08-31 23:49:50', '2020-08-21 21:18:45'),
(292, 0, 45, 'Alimentacion', '2018-10-13', 1, 50, 40, '4,7 mm', '2020-08-31 23:49:50', '2020-08-21 21:18:56'),
(293, 0, 45, 'Alimentacion', '2018-10-14', 1, 30, 10, '4,7 mm', '2020-08-31 23:49:50', '2020-08-21 21:19:08'),
(294, 0, 45, 'Alimentacion', '2018-10-15', 1, 10, 0, '4,7 mm', '2020-08-31 23:49:50', '2020-08-21 21:19:42'),
(295, 0, 45, 'Alimentacion', '2018-10-16', 1, 10, 0, '4,7 mm', '2020-08-31 23:49:50', '2020-08-21 21:19:48'),
(296, 0, 45, 'Alimentacion', '2018-10-17', 1, 20, 4, '4,7 mm', '2020-08-31 23:49:50', '2020-08-21 21:20:11'),
(297, 0, 45, 'Alimentacion', '2018-10-18', 1, 5, 0, '4,7 mm', '2020-08-31 23:49:50', '2020-08-21 21:20:31'),
(298, 0, 45, 'Alimentacion', '2018-10-19', 1, 10, 10, '4,7 mm', '2020-08-31 23:49:50', '2020-08-21 21:20:45'),
(299, 0, 45, 'Alimentacion', '2018-10-20', 1, 5, 3, '4,7 mm', '2020-08-31 23:49:50', '2020-08-21 21:20:57'),
(300, 0, 45, 'Alimentacion', '2018-10-21', 1, 5, 4, '4,7 mm', '2020-08-31 23:49:50', '2020-08-21 21:21:07'),
(301, 0, 45, 'Alimentacion', '2018-10-22', 1, 5, 3, '4,7 mm', '2020-08-31 23:49:50', '2020-08-21 21:21:34'),
(302, 0, 45, 'Alimentacion', '2018-10-23', 1, 2, 1, '4,7 mm', '2020-08-31 23:49:50', '2020-08-21 21:21:49'),
(303, 0, 45, 'Alimentacion', '2018-10-24', 1, 2, 2, '4,7 mm', '2020-08-31 23:49:50', '2020-08-21 21:21:58'),
(304, 0, 45, 'Alimentacion', '2018-10-25', 1, 1, 1, '4,7 mm', '2020-08-31 23:49:50', '2020-08-21 21:22:39'),
(311, 0, 37, 'Alimentacion', '2019-09-28', 5, 2, 1, 'Harina', '2020-08-31 23:49:50', '2020-08-22 02:25:36'),
(312, 0, 37, 'Alimentacion', '2019-09-30', 1, 2, 2, 'Harina', '2020-08-31 23:49:50', '2020-08-22 02:26:56'),
(314, 0, 37, 'Alimentacion', '2019-10-01', 1, 2, 2, 'Harina', '2020-08-31 23:49:50', '2020-08-22 02:29:31'),
(315, 0, 37, 'Alimentacion', '2019-10-02', 1, 2, 2, 'Harina', '2020-08-31 23:49:50', '2020-08-22 02:30:03'),
(316, 0, 37, 'Alimentacion', '2019-10-03', 1, 2, 1, 'Harina', '2020-08-31 23:49:50', '2020-08-22 02:30:22'),
(317, 0, 37, 'Alimentacion', '2019-10-04', 1, 2, 2, 'Harina', '2020-08-31 23:49:50', '2020-08-22 02:30:46'),
(318, 0, 37, 'Alimentacion', '2019-10-05', 1, 2, 2, 'Harina', '2020-08-31 23:49:50', '2020-08-22 02:31:10'),
(319, 0, 37, 'Alimentacion', '2019-10-06', 0, 0, 0, 'Harina', '2020-08-31 23:49:50', '2020-08-22 02:31:27'),
(320, 0, 37, 'Alimentacion', '2019-10-07', 1, 3, 2, 'Harina', '2020-08-31 23:49:50', '2020-08-22 02:31:46'),
(321, 0, 37, 'Alimentacion', '2019-10-08', 1, 0, 3, 'Harina', '2020-08-31 23:49:50', '2020-08-22 02:32:08'),
(322, 0, 38, 'Alimentacion', '2019-10-09', 1, 3, 3, 'Harina', '2020-08-31 23:49:50', '2020-08-22 02:33:09'),
(323, 0, 38, 'Alimentacion', '2019-10-10', 1, 0, 3, 'Harina', '2020-08-31 23:49:50', '2020-08-22 02:33:19'),
(324, 0, 38, 'Alimentacion', '2019-10-11', 1, 3, 3, 'Harina', '2020-08-31 23:49:50', '2020-08-22 02:33:40'),
(325, 0, 38, 'Alimentacion', '2019-10-12', 1, 4, 2, 'Harina', '2020-08-31 23:49:50', '2020-08-22 02:34:05'),
(326, 0, 38, 'Alimentacion', '2019-10-13', 0, 0, 0, 'Harina', '2020-08-31 23:49:50', '2020-08-22 02:34:31'),
(327, 0, 38, 'Alimentacion', '2019-10-14', 1, 4, 2, 'Harina', '2020-08-31 23:49:50', '2020-08-22 02:34:59'),
(328, 0, 38, 'Alimentacion', '2019-10-15', 1, 4, 4, 'Harina', '2020-08-31 23:49:50', '2020-08-22 02:35:09'),
(329, 0, 38, 'Alimentacion', '2019-10-16', 1, 4, 4, 'Harina', '2020-08-31 23:49:50', '2020-08-22 02:35:19'),
(330, 0, 38, 'Alimentacion', '2019-10-17', 1, 5, 5, 'Harina', '2020-08-31 23:49:50', '2020-08-22 02:35:38'),
(331, 0, 38, 'Alimentacion', '2019-10-18', 1, 6, 3, 'Harina', '2020-08-31 23:49:50', '2020-08-22 02:36:00'),
(332, 0, 38, 'Alimentacion', '2019-10-19', 1, 5, 3, 'Harina', '2020-08-31 23:49:50', '2020-08-22 02:36:10'),
(334, 0, 38, 'Alimentacion', '2019-10-20', 0, 0, 0, 'Harina', '2020-08-31 23:49:50', '2020-08-22 02:36:55'),
(335, 0, 38, 'Alimentacion', '2019-10-21', 1, 4, 2, 'Harina', '2020-08-31 23:49:50', '2020-08-22 02:37:35'),
(341, 0, 39, 'Alimentacion', '2019-10-22', 1, 0, 3, 'E', '2020-08-31 23:49:50', '2020-08-22 02:40:37'),
(342, 0, 39, 'Alimentacion', '2019-10-23', 1, 2, 1, 'E', '2020-08-31 23:49:50', '2020-08-22 02:40:49'),
(343, 0, 39, 'Alimentacion', '2019-10-24', 1, 4, 4, 'E', '2020-08-31 23:49:50', '2020-08-22 02:46:44'),
(344, 0, 39, 'Alimentacion', '2019-10-25', 1, 4, 4, 'E', '2020-08-31 23:49:50', '2020-08-22 02:46:52'),
(345, 0, 39, 'Alimentacion', '2019-10-26', 1, 0, 2, 'E', '2020-08-31 23:49:50', '2020-08-22 02:47:01'),
(346, 0, 39, 'Alimentacion', '2019-10-27', 0, 0, 0, 'E', '2020-08-31 23:49:50', '2020-08-22 02:47:26'),
(347, 0, 39, 'Alimentacion', '2019-10-28', 1, 4, 4, 'E', '2020-08-31 23:49:50', '2020-08-22 02:47:39'),
(348, 0, 39, 'Alimentacion', '2019-10-29', 1, 7, 7, 'E', '2020-08-31 23:49:50', '2020-08-22 02:47:55'),
(349, 0, 39, 'Alimentacion', '2019-10-30', 1, 7, 7, 'E', '2020-08-31 23:49:50', '2020-08-22 02:48:07'),
(350, 0, 39, 'Alimentacion', '2019-10-31', 1, 7, 5, 'E', '2020-08-31 23:49:50', '2020-08-22 02:48:25'),
(351, 0, 39, 'Alimentacion', '2019-11-01', 1, 5, 7, 'E', '2020-08-31 23:49:50', '2020-08-22 02:48:47');

-- --------------------------------------------------------

--
-- Estructura de tabla para la tabla `recursos_siembras`
--

CREATE TABLE `recursos_siembras` (
  `id` int(11) NOT NULL,
  `id_registro` int(11) NOT NULL,
  `id_siembra` int(11) NOT NULL,
  `created_at` timestamp NOT NULL DEFAULT current_timestamp() ON UPDATE current_timestamp(),
  `updated_at` timestamp NOT NULL DEFAULT current_timestamp()
) ENGINE=InnoDB DEFAULT CHARSET=utf8mb4;

--
-- Volcado de datos para la tabla `recursos_siembras`
--

INSERT INTO `recursos_siembras` (`id`, `id_registro`, `id_siembra`, `created_at`, `updated_at`) VALUES
(1, 1, 3, '2020-08-18 21:27:24', '2020-08-18 21:27:24'),
(2, 2, 3, '2020-08-18 21:28:37', '2020-08-18 21:28:37'),
(3, 3, 3, '2020-08-18 21:28:56', '2020-08-18 21:28:56'),
(4, 4, 1, '2020-08-18 21:35:27', '2020-08-18 21:35:27'),
(5, 4, 2, '2020-08-18 21:35:28', '2020-08-18 21:35:28'),
(11, 13, 35, '2020-08-08 02:47:50', '2020-08-08 02:47:50'),
(12, 14, 35, '2020-08-08 02:49:24', '2020-08-08 02:49:24'),
(13, 15, 35, '2020-08-08 02:49:47', '2020-08-08 02:49:47'),
(16, 18, 47, '2020-08-21 00:06:01', '2020-08-21 00:06:01'),
(19, 21, 47, '2020-08-21 00:10:07', '2020-08-21 00:10:07'),
(20, 22, 47, '2020-08-21 00:11:50', '2020-08-21 00:11:50'),
(21, 23, 47, '2020-08-21 00:12:24', '2020-08-21 00:12:24'),
(22, 24, 47, '2020-08-21 00:12:57', '2020-08-21 00:12:57'),
(23, 25, 47, '2020-08-21 00:13:43', '2020-08-21 00:13:43'),
(25, 27, 47, '2020-08-21 00:16:20', '2020-08-21 00:16:20'),
(26, 28, 47, '2020-08-21 00:16:46', '2020-08-21 00:16:46'),
(27, 29, 47, '2020-08-21 00:18:31', '2020-08-21 00:18:31'),
(28, 30, 47, '2020-08-21 00:27:29', '2020-08-21 00:27:29'),
(29, 31, 47, '2020-08-21 00:27:59', '2020-08-21 00:27:59'),
(30, 32, 47, '2020-08-21 00:33:04', '2020-08-21 00:33:04'),
(32, 34, 47, '2020-08-21 00:34:02', '2020-08-21 00:34:02'),
(33, 35, 47, '2020-08-21 00:34:38', '2020-08-21 00:34:38'),
(34, 36, 47, '2020-08-21 00:36:54', '2020-08-21 00:36:54'),
(35, 37, 47, '2020-08-21 00:38:12', '2020-08-21 00:38:12'),
(36, 38, 47, '2020-08-21 00:39:01', '2020-08-21 00:39:01'),
(37, 39, 47, '2020-08-21 00:39:39', '2020-08-21 00:39:39'),
(38, 40, 47, '2020-08-21 00:40:09', '2020-08-21 00:40:09'),
(39, 41, 47, '2020-08-21 00:41:08', '2020-08-21 00:41:08'),
(40, 42, 47, '2020-08-21 00:41:57', '2020-08-21 00:41:57'),
(41, 43, 47, '2020-08-21 00:43:31', '2020-08-21 00:43:31'),
(42, 44, 47, '2020-08-21 00:44:01', '2020-08-21 00:44:01'),
(43, 45, 47, '2020-08-21 00:44:38', '2020-08-21 00:44:38'),
(44, 46, 47, '2020-08-21 00:44:38', '2020-08-21 00:44:38'),
(46, 48, 47, '2020-08-21 00:47:27', '2020-08-21 00:47:27'),
(47, 49, 47, '2020-08-21 00:48:03', '2020-08-21 00:48:03'),
(48, 50, 47, '2020-08-21 00:48:26', '2020-08-21 00:48:26'),
(49, 51, 47, '2020-08-21 00:48:49', '2020-08-21 00:48:49'),
(50, 52, 47, '2020-08-21 00:49:20', '2020-08-21 00:49:20'),
(51, 53, 47, '2020-08-21 00:50:04', '2020-08-21 00:50:04'),
(52, 54, 47, '2020-08-21 00:50:31', '2020-08-21 00:50:31'),
(53, 55, 47, '2020-08-21 00:51:03', '2020-08-21 00:51:03'),
(55, 57, 47, '2020-08-21 00:54:29', '2020-08-21 00:54:29'),
(56, 58, 47, '2020-08-21 00:55:00', '2020-08-21 00:55:00'),
(57, 59, 47, '2020-08-21 00:55:28', '2020-08-21 00:55:28'),
(58, 60, 47, '2020-08-21 00:56:01', '2020-08-21 00:56:01'),
(59, 61, 47, '2020-08-21 00:56:36', '2020-08-21 00:56:36'),
(60, 62, 47, '2020-08-21 00:57:10', '2020-08-21 00:57:10'),
(61, 63, 47, '2020-08-21 00:57:40', '2020-08-21 00:57:40'),
(62, 64, 47, '2020-08-21 00:58:32', '2020-08-21 00:58:32'),
(63, 65, 47, '2020-08-21 00:59:04', '2020-08-21 00:59:04'),
(64, 66, 47, '2020-08-21 00:59:24', '2020-08-21 00:59:24'),
(65, 67, 47, '2020-08-21 00:59:46', '2020-08-21 00:59:46'),
(66, 68, 47, '2020-08-21 01:00:13', '2020-08-21 01:00:13'),
(67, 69, 47, '2020-08-21 01:01:08', '2020-08-21 01:01:08'),
(69, 71, 47, '2020-08-21 01:02:24', '2020-08-21 01:02:24'),
(70, 72, 47, '2020-08-21 01:02:49', '2020-08-21 01:02:49'),
(72, 74, 47, '2020-08-21 01:03:40', '2020-08-21 01:03:40'),
(73, 75, 47, '2020-08-21 01:04:34', '2020-08-21 01:04:34'),
(74, 76, 47, '2020-08-21 01:04:46', '2020-08-21 01:04:46'),
(75, 77, 47, '2020-08-21 01:05:15', '2020-08-21 01:05:15'),
(76, 78, 47, '2020-08-21 01:05:36', '2020-08-21 01:05:36'),
(78, 80, 47, '2020-08-21 01:07:04', '2020-08-21 01:07:04'),
(79, 81, 47, '2020-08-21 01:09:51', '2020-08-21 01:09:51'),
(80, 82, 47, '2020-08-21 01:10:21', '2020-08-21 01:10:21'),
(81, 83, 47, '2020-08-21 01:10:38', '2020-08-21 01:10:38'),
(82, 84, 47, '2020-08-21 01:11:04', '2020-08-21 01:11:04'),
(83, 85, 47, '2020-08-21 01:11:44', '2020-08-21 01:11:44'),
(86, 88, 47, '2020-08-21 01:13:59', '2020-08-21 01:13:59'),
(87, 89, 47, '2020-08-21 01:14:37', '2020-08-21 01:14:37'),
(88, 90, 47, '2020-08-21 01:15:15', '2020-08-21 01:15:15'),
(89, 91, 47, '2020-08-21 01:15:58', '2020-08-21 01:15:58'),
(90, 92, 47, '2020-08-21 01:16:13', '2020-08-21 01:16:13'),
(91, 93, 47, '2020-08-21 01:17:22', '2020-08-21 01:17:22'),
(93, 95, 47, '2020-08-21 01:19:05', '2020-08-21 01:19:05'),
(94, 96, 47, '2020-08-21 01:19:28', '2020-08-21 01:19:28'),
(95, 97, 47, '2020-08-21 01:19:44', '2020-08-21 01:19:44'),
(96, 98, 47, '2020-08-21 01:20:08', '2020-08-21 01:20:08'),
(97, 99, 47, '2020-08-21 01:20:32', '2020-08-21 01:20:32'),
(98, 100, 47, '2020-08-21 01:21:00', '2020-08-21 01:21:00'),
(99, 101, 47, '2020-08-21 01:21:20', '2020-08-21 01:21:20'),
(100, 102, 47, '2020-08-21 01:21:38', '2020-08-21 01:21:38'),
(101, 103, 47, '2020-08-21 01:21:58', '2020-08-21 01:21:58'),
(102, 104, 47, '2020-08-21 01:22:20', '2020-08-21 01:22:20'),
(103, 105, 47, '2020-08-21 01:23:14', '2020-08-21 01:23:14'),
(104, 106, 47, '2020-08-21 01:23:57', '2020-08-21 01:23:57'),
(109, 111, 47, '2020-08-21 01:26:19', '2020-08-21 01:26:19'),
(110, 112, 47, '2020-08-21 01:27:03', '2020-08-21 01:27:03'),
(111, 113, 47, '2020-08-21 01:27:18', '2020-08-21 01:27:18'),
(114, 116, 47, '2020-08-21 01:27:55', '2020-08-21 01:27:55'),
(115, 117, 47, '2020-08-21 01:28:42', '2020-08-21 01:28:42'),
(116, 118, 47, '2020-08-21 01:29:50', '2020-08-21 01:29:50'),
(117, 119, 47, '2020-08-21 01:30:15', '2020-08-21 01:30:15'),
(118, 120, 47, '2020-08-21 01:31:00', '2020-08-21 01:31:00'),
(119, 121, 47, '2020-08-21 01:32:17', '2020-08-21 01:32:17'),
(120, 122, 47, '2020-08-21 01:32:59', '2020-08-21 01:32:59'),
(121, 123, 47, '2020-08-21 01:33:45', '2020-08-21 01:33:45'),
(122, 124, 47, '2020-08-21 01:34:23', '2020-08-21 01:34:23'),
(123, 125, 47, '2020-08-21 01:34:47', '2020-08-21 01:34:47'),
(125, 127, 47, '2020-08-21 01:36:19', '2020-08-21 01:36:19'),
(126, 128, 47, '2020-08-21 01:37:05', '2020-08-21 01:37:05'),
(127, 129, 47, '2020-08-21 02:06:44', '2020-08-21 02:06:44'),
(128, 130, 47, '2020-08-21 02:08:58', '2020-08-21 02:08:58'),
(129, 131, 47, '2020-08-21 02:10:20', '2020-08-21 02:10:20'),
(131, 133, 47, '2020-08-21 02:12:02', '2020-08-21 02:12:02'),
(132, 134, 47, '2020-08-21 02:13:06', '2020-08-21 02:13:06'),
(133, 135, 47, '2020-08-21 02:13:40', '2020-08-21 02:13:40'),
(135, 137, 80, '2020-08-21 20:00:04', '2020-08-21 20:00:04'),
(136, 138, 80, '2020-08-21 20:00:35', '2020-08-21 20:00:35'),
(137, 139, 80, '2020-08-21 20:01:28', '2020-08-21 20:01:28'),
(138, 140, 80, '2020-08-21 20:02:54', '2020-08-21 20:02:54'),
(139, 141, 80, '2020-08-21 20:03:19', '2020-08-21 20:03:19'),
(140, 142, 80, '2020-08-21 20:03:30', '2020-08-21 20:03:30'),
(141, 143, 80, '2020-08-21 20:06:34', '2020-08-21 20:06:34'),
(142, 144, 80, '2020-08-21 20:06:51', '2020-08-21 20:06:51'),
(143, 145, 80, '2020-08-21 20:07:10', '2020-08-21 20:07:10'),
(144, 146, 80, '2020-08-21 20:07:52', '2020-08-21 20:07:52'),
(145, 147, 80, '2020-08-21 20:08:25', '2020-08-21 20:08:25'),
(146, 148, 80, '2020-08-21 20:08:44', '2020-08-21 20:08:44'),
(147, 149, 80, '2020-08-21 20:09:01', '2020-08-21 20:09:01'),
(148, 150, 80, '2020-08-21 20:10:08', '2020-08-21 20:10:08'),
(149, 151, 80, '2020-08-21 20:10:46', '2020-08-21 20:10:46'),
(150, 152, 80, '2020-08-21 20:11:06', '2020-08-21 20:11:06'),
(151, 153, 80, '2020-08-21 20:11:22', '2020-08-21 20:11:22'),
(152, 154, 80, '2020-08-21 20:12:28', '2020-08-21 20:12:28'),
(153, 155, 80, '2020-08-21 20:12:54', '2020-08-21 20:12:54'),
(154, 156, 80, '2020-08-21 20:13:07', '2020-08-21 20:13:07'),
(155, 157, 80, '2020-08-21 20:13:28', '2020-08-21 20:13:28'),
(159, 161, 80, '2020-08-21 20:13:48', '2020-08-21 20:13:48'),
(160, 162, 80, '2020-08-21 20:14:52', '2020-08-21 20:14:52'),
(161, 163, 80, '2020-08-21 20:15:06', '2020-08-21 20:15:06'),
(176, 178, 80, '2020-08-21 20:30:15', '2020-08-21 20:30:15'),
(177, 179, 80, '2020-08-21 20:31:14', '2020-08-21 20:31:14'),
(180, 182, 80, '2020-08-21 20:32:04', '2020-08-21 20:32:04'),
(181, 183, 80, '2020-08-21 20:32:37', '2020-08-21 20:32:37'),
(182, 184, 80, '2020-08-21 20:32:55', '2020-08-21 20:32:55'),
(183, 185, 80, '2020-08-21 20:33:21', '2020-08-21 20:33:21'),
(184, 186, 80, '2020-08-21 20:33:43', '2020-08-21 20:33:43'),
(185, 187, 80, '2020-08-21 20:33:55', '2020-08-21 20:33:55'),
(186, 188, 80, '2020-08-21 20:34:07', '2020-08-21 20:34:07'),
(187, 189, 80, '2020-08-21 20:34:14', '2020-08-21 20:34:14'),
(188, 190, 80, '2020-08-21 20:34:47', '2020-08-21 20:34:47'),
(189, 191, 80, '2020-08-21 20:34:52', '2020-08-21 20:34:52'),
(190, 192, 80, '2020-08-21 20:35:04', '2020-08-21 20:35:04'),
(191, 193, 80, '2020-08-21 20:35:09', '2020-08-21 20:35:09'),
(192, 194, 80, '2020-08-21 20:35:14', '2020-08-21 20:35:14'),
(193, 195, 80, '2020-08-21 20:35:28', '2020-08-21 20:35:28'),
(194, 196, 80, '2020-08-21 20:36:24', '2020-08-21 20:36:24'),
(195, 197, 80, '2020-08-21 20:37:07', '2020-08-21 20:37:07'),
(196, 198, 80, '2020-08-21 20:37:27', '2020-08-21 20:37:27'),
(197, 199, 80, '2020-08-21 20:37:47', '2020-08-21 20:37:47'),
(198, 200, 80, '2020-08-21 20:37:56', '2020-08-21 20:37:56'),
(199, 201, 80, '2020-08-21 20:38:00', '2020-08-21 20:38:00'),
(204, 206, 80, '2020-08-21 20:40:32', '2020-08-21 20:40:32'),
(205, 207, 80, '2020-08-21 20:41:39', '2020-08-21 20:41:39'),
(206, 208, 80, '2020-08-21 20:41:52', '2020-08-21 20:41:52'),
(207, 209, 80, '2020-08-21 20:42:08', '2020-08-21 20:42:08'),
(208, 210, 80, '2020-08-21 20:42:29', '2020-08-21 20:42:29'),
(209, 211, 80, '2020-08-21 20:42:56', '2020-08-21 20:42:56'),
(212, 214, 80, '2020-08-21 20:44:23', '2020-08-21 20:44:23'),
(213, 215, 80, '2020-08-21 20:44:49', '2020-08-21 20:44:49'),
(214, 216, 80, '2020-08-21 20:45:16', '2020-08-21 20:45:16'),
(215, 217, 80, '2020-08-21 20:45:29', '2020-08-21 20:45:29'),
(216, 218, 80, '2020-08-21 20:45:30', '2020-08-21 20:45:30'),
(217, 219, 80, '2020-08-21 20:45:51', '2020-08-21 20:45:51'),
(218, 220, 80, '2020-08-21 20:46:30', '2020-08-21 20:46:30'),
(219, 221, 80, '2020-08-21 20:46:46', '2020-08-21 20:46:46'),
(220, 222, 80, '2020-08-21 20:47:07', '2020-08-21 20:47:07'),
(221, 223, 80, '2020-08-21 20:47:27', '2020-08-21 20:47:27'),
(222, 224, 80, '2020-08-21 20:48:03', '2020-08-21 20:48:03'),
(235, 237, 80, '2020-08-21 20:57:26', '2020-08-21 20:57:26'),
(236, 238, 80, '2020-08-21 20:57:42', '2020-08-21 20:57:42'),
(237, 239, 80, '2020-08-21 20:58:16', '2020-08-21 20:58:16'),
(238, 240, 80, '2020-08-21 20:58:32', '2020-08-21 20:58:32'),
(239, 241, 80, '2020-08-21 20:58:40', '2020-08-21 20:58:40'),
(241, 243, 80, '2020-08-21 20:58:51', '2020-08-21 20:58:51'),
(242, 244, 80, '2020-08-21 20:58:56', '2020-08-21 20:58:56'),
(243, 245, 80, '2020-08-21 20:59:09', '2020-08-21 20:59:09'),
(244, 246, 80, '2020-08-21 20:59:20', '2020-08-21 20:59:20'),
(245, 247, 80, '2020-08-21 20:59:30', '2020-08-21 20:59:30'),
(246, 248, 80, '2020-08-21 21:01:09', '2020-08-21 21:01:09'),
(247, 249, 80, '2020-08-21 21:01:40', '2020-08-21 21:01:40'),
(248, 250, 80, '2020-08-21 21:01:57', '2020-08-21 21:01:57'),
(249, 251, 80, '2020-08-21 21:02:05', '2020-08-21 21:02:05'),
(250, 252, 80, '2020-08-21 21:02:21', '2020-08-21 21:02:21'),
(251, 253, 80, '2020-08-21 21:02:33', '2020-08-21 21:02:33'),
(252, 254, 80, '2020-08-21 21:02:52', '2020-08-21 21:02:52'),
(253, 255, 80, '2020-08-21 21:03:02', '2020-08-21 21:03:02'),
(254, 256, 80, '2020-08-21 21:03:09', '2020-08-21 21:03:09'),
(255, 257, 80, '2020-08-21 21:03:17', '2020-08-21 21:03:17'),
(256, 258, 80, '2020-08-21 21:03:29', '2020-08-21 21:03:29'),
(257, 259, 80, '2020-08-21 21:03:55', '2020-08-21 21:03:55'),
(258, 260, 80, '2020-08-21 21:04:02', '2020-08-21 21:04:02'),
(259, 261, 80, '2020-08-21 21:04:12', '2020-08-21 21:04:12'),
(260, 262, 80, '2020-08-21 21:04:23', '2020-08-21 21:04:23'),
(261, 263, 80, '2020-08-21 21:05:41', '2020-08-21 21:05:41'),
(262, 264, 80, '2020-08-21 21:05:49', '2020-08-21 21:05:49'),
(263, 265, 80, '2020-08-21 21:05:55', '2020-08-21 21:05:55'),
(264, 266, 80, '2020-08-21 21:06:06', '2020-08-21 21:06:06'),
(265, 267, 80, '2020-08-21 21:06:31', '2020-08-21 21:06:31'),
(266, 268, 80, '2020-08-21 21:06:40', '2020-08-21 21:06:40'),
(267, 269, 80, '2020-08-21 21:06:46', '2020-08-21 21:06:46'),
(268, 270, 80, '2020-08-21 21:06:53', '2020-08-21 21:06:53'),
(269, 271, 80, '2020-08-21 21:06:58', '2020-08-21 21:06:58'),
(270, 272, 80, '2020-08-21 21:07:03', '2020-08-21 21:07:03'),
(271, 273, 80, '2020-08-21 21:07:13', '2020-08-21 21:07:13'),
(272, 274, 80, '2020-08-21 21:07:46', '2020-08-21 21:07:46'),
(273, 275, 80, '2020-08-21 21:08:02', '2020-08-21 21:08:02'),
(274, 276, 80, '2020-08-21 21:10:29', '2020-08-21 21:10:29'),
(275, 277, 80, '2020-08-21 21:11:13', '2020-08-21 21:11:13'),
(276, 278, 80, '2020-08-21 21:11:54', '2020-08-21 21:11:54'),
(277, 279, 80, '2020-08-21 21:12:04', '2020-08-21 21:12:04'),
(278, 280, 80, '2020-08-21 21:12:18', '2020-08-21 21:12:18'),
(279, 281, 80, '2020-08-21 21:13:02', '2020-08-21 21:13:02'),
(280, 282, 80, '2020-08-21 21:15:46', '2020-08-21 21:15:46'),
(281, 283, 80, '2020-08-21 21:15:58', '2020-08-21 21:15:58'),
(282, 284, 80, '2020-08-21 21:16:10', '2020-08-21 21:16:10'),
(283, 285, 80, '2020-08-21 21:16:21', '2020-08-21 21:16:21'),
(284, 286, 80, '2020-08-21 21:16:40', '2020-08-21 21:16:40'),
(285, 287, 80, '2020-08-21 21:17:04', '2020-08-21 21:17:04'),
(286, 288, 80, '2020-08-21 21:17:19', '2020-08-21 21:17:19'),
(287, 289, 80, '2020-08-21 21:17:32', '2020-08-21 21:17:32'),
(288, 290, 80, '2020-08-21 21:18:18', '2020-08-21 21:18:18'),
(289, 291, 80, '2020-08-21 21:18:45', '2020-08-21 21:18:45'),
(290, 292, 80, '2020-08-21 21:18:56', '2020-08-21 21:18:56'),
(291, 293, 80, '2020-08-21 21:19:08', '2020-08-21 21:19:08'),
(292, 294, 80, '2020-08-21 21:19:42', '2020-08-21 21:19:42'),
(293, 295, 80, '2020-08-21 21:19:49', '2020-08-21 21:19:49'),
(294, 296, 80, '2020-08-21 21:20:11', '2020-08-21 21:20:11'),
(295, 297, 80, '2020-08-21 21:20:31', '2020-08-21 21:20:31'),
(296, 298, 80, '2020-08-21 21:20:45', '2020-08-21 21:20:45'),
(297, 299, 80, '2020-08-21 21:20:57', '2020-08-21 21:20:57'),
(298, 300, 80, '2020-08-21 21:21:07', '2020-08-21 21:21:07'),
(299, 301, 80, '2020-08-21 21:21:34', '2020-08-21 21:21:34'),
(300, 302, 80, '2020-08-21 21:21:49', '2020-08-21 21:21:49'),
(301, 303, 80, '2020-08-21 21:21:58', '2020-08-21 21:21:58'),
(302, 304, 80, '2020-08-21 21:22:39', '2020-08-21 21:22:39'),
(309, 311, 82, '2020-08-22 02:25:36', '2020-08-22 02:25:36'),
(310, 312, 82, '2020-08-22 02:26:56', '2020-08-22 02:26:56'),
(312, 314, 82, '2020-08-22 02:29:32', '2020-08-22 02:29:32'),
(313, 315, 82, '2020-08-22 02:30:03', '2020-08-22 02:30:03'),
(314, 316, 82, '2020-08-22 02:30:22', '2020-08-22 02:30:22'),
(315, 317, 82, '2020-08-22 02:30:46', '2020-08-22 02:30:46'),
(316, 318, 82, '2020-08-22 02:31:10', '2020-08-22 02:31:10'),
(317, 319, 82, '2020-08-22 02:31:27', '2020-08-22 02:31:27'),
(318, 320, 82, '2020-08-22 02:31:46', '2020-08-22 02:31:46'),
(319, 321, 82, '2020-08-22 02:32:08', '2020-08-22 02:32:08'),
(320, 322, 82, '2020-08-22 02:33:09', '2020-08-22 02:33:09'),
(321, 323, 82, '2020-08-22 02:33:19', '2020-08-22 02:33:19'),
(322, 324, 82, '2020-08-22 02:33:40', '2020-08-22 02:33:40'),
(323, 325, 82, '2020-08-22 02:34:05', '2020-08-22 02:34:05'),
(324, 326, 82, '2020-08-22 02:34:31', '2020-08-22 02:34:31'),
(325, 327, 82, '2020-08-22 02:34:59', '2020-08-22 02:34:59'),
(326, 328, 82, '2020-08-22 02:35:09', '2020-08-22 02:35:09'),
(327, 329, 82, '2020-08-22 02:35:19', '2020-08-22 02:35:19'),
(328, 330, 82, '2020-08-22 02:35:38', '2020-08-22 02:35:38'),
(329, 331, 82, '2020-08-22 02:36:00', '2020-08-22 02:36:00'),
(330, 332, 82, '2020-08-22 02:36:10', '2020-08-22 02:36:10'),
(332, 334, 82, '2020-08-22 02:36:55', '2020-08-22 02:36:55'),
(333, 335, 82, '2020-08-22 02:37:35', '2020-08-22 02:37:35'),
(339, 341, 82, '2020-08-22 02:40:37', '2020-08-22 02:40:37'),
(340, 342, 82, '2020-08-22 02:40:49', '2020-08-22 02:40:49'),
(341, 343, 82, '2020-08-22 02:46:44', '2020-08-22 02:46:44'),
(342, 344, 82, '2020-08-22 02:46:52', '2020-08-22 02:46:52'),
(343, 345, 82, '2020-08-22 02:47:01', '2020-08-22 02:47:01'),
(344, 346, 82, '2020-08-22 02:47:26', '2020-08-22 02:47:26'),
(345, 347, 82, '2020-08-22 02:47:39', '2020-08-22 02:47:39'),
(346, 348, 82, '2020-08-22 02:47:55', '2020-08-22 02:47:55'),
(347, 349, 82, '2020-08-22 02:48:08', '2020-08-22 02:48:08'),
(348, 350, 82, '2020-08-22 02:48:25', '2020-08-22 02:48:25'),
(349, 351, 82, '2020-08-22 02:48:47', '2020-08-22 02:48:47');

-- --------------------------------------------------------

--
-- Estructura de tabla para la tabla `registros`
--

CREATE TABLE `registros` (
  `id` int(11) NOT NULL,
  `id_siembra` int(11) NOT NULL,
  `id_especie` int(11) NOT NULL,
  `fecha_registro` date NOT NULL,
  `conv_alimenticia` double DEFAULT NULL,
  `tiempo` int(11) NOT NULL,
  `tipo_registro` int(11) NOT NULL,
  `peso_ganado` double DEFAULT NULL,
  `mortalidad` int(11) DEFAULT NULL,
  `biomasa` int(11) DEFAULT NULL,
  `cantidad` int(11) DEFAULT NULL,
  `estado` int(11) DEFAULT 1,
  `updated_at` timestamp NOT NULL DEFAULT current_timestamp(),
  `created_at` timestamp NOT NULL DEFAULT current_timestamp()
) ENGINE=InnoDB DEFAULT CHARSET=utf8mb4;

--
-- Volcado de datos para la tabla `registros`
--

INSERT INTO `registros` (`id`, `id_siembra`, `id_especie`, `fecha_registro`, `conv_alimenticia`, `tiempo`, `tipo_registro`, `peso_ganado`, `mortalidad`, `biomasa`, `cantidad`, `estado`, `updated_at`, `created_at`) VALUES
(1, 2, 1, '2020-08-18', NULL, 1, 0, 40, 500, NULL, NULL, 1, '2020-08-18 21:30:24', '2020-08-18 21:30:24'),
(2, 2, 3, '2020-08-18', NULL, 1, 0, 100, 200, NULL, NULL, 1, '2020-08-18 21:30:24', '2020-08-18 21:30:24'),
(26, 31, 11, '2018-07-10', NULL, 20, 0, 50, 100, NULL, NULL, 1, '2020-07-23 21:15:15', '2020-07-23 21:15:15'),
(27, 31, 12, '2018-07-10', NULL, 20, 0, 30, 200, NULL, NULL, 1, '2020-07-23 21:15:15', '2020-07-23 21:15:15'),
(28, 31, 13, '2018-07-10', NULL, 20, 0, 50, 10, NULL, NULL, 1, '2020-07-23 21:15:15', '2020-07-23 21:15:15'),
(29, 31, 11, '2018-07-30', NULL, 20, 0, 60, 2, NULL, NULL, 1, '2020-07-23 21:16:32', '2020-07-23 21:16:32'),
(30, 31, 12, '2018-07-30', NULL, 20, 0, 35, 20, NULL, NULL, 1, '2020-07-23 21:16:32', '2020-07-23 21:16:32'),
(31, 31, 13, '2018-07-30', NULL, 20, 0, 60, 0, NULL, NULL, 1, '2020-07-23 21:16:32', '2020-07-23 21:16:32'),
(32, 31, 11, '2018-08-19', NULL, 20, 0, 70, 10, NULL, NULL, 1, '2020-07-23 21:18:07', '2020-07-23 21:18:07'),
(33, 31, 12, '2018-08-19', NULL, 20, 0, 40, 10, NULL, NULL, 1, '2020-07-23 21:18:07', '2020-07-23 21:18:07'),
(34, 31, 13, '2018-08-19', NULL, 20, 0, 70, 0, NULL, NULL, 1, '2020-07-23 21:18:07', '2020-07-23 21:18:07'),
(35, 31, 11, '2018-09-08', NULL, 20, 0, 76, 0, NULL, NULL, 1, '2020-07-23 21:19:26', '2020-07-23 21:19:26'),
(36, 31, 12, '2018-09-08', NULL, 20, 0, 45, 0, NULL, NULL, 1, '2020-07-23 21:19:26', '2020-07-23 21:19:26'),
(37, 31, 13, '2018-09-08', NULL, 20, 0, 78, 3, NULL, NULL, 1, '2020-07-23 21:19:26', '2020-07-23 21:19:26'),
(38, 31, 11, '2018-09-28', NULL, 20, 0, 90, 4, NULL, NULL, 1, '2020-07-23 21:21:10', '2020-07-23 21:21:10'),
(39, 31, 12, '2018-09-28', NULL, 20, 0, 50, 0, NULL, NULL, 1, '2020-07-23 21:21:10', '2020-07-23 21:21:10'),
(40, 31, 13, '2018-09-28', NULL, 20, 0, 92, 0, NULL, NULL, 1, '2020-07-23 21:21:10', '2020-07-23 21:21:10'),
(65, 38, 11, '2020-08-11', NULL, 82, 0, 325, 0, NULL, NULL, 1, '2020-08-20 20:23:34', '2020-08-20 20:23:34'),
(66, 37, 11, '2020-08-11', NULL, 70, 0, 345, 0, NULL, NULL, 1, '2020-08-20 20:25:58', '2020-08-20 20:25:58'),
(67, 39, 11, '2020-08-11', NULL, 13, 0, 51, 0, NULL, NULL, 1, '2020-08-20 20:29:56', '2020-08-20 20:29:56'),
(68, 40, 11, '2020-08-11', NULL, 38, 0, 42, 0, NULL, NULL, 1, '2020-08-20 20:31:42', '2020-08-20 20:31:42'),
(70, 41, 11, '2020-08-11', NULL, 94, 0, 320, 0, NULL, NULL, 1, '2020-08-20 20:37:52', '2020-08-20 20:37:52'),
(71, 42, 12, '2020-08-11', NULL, 76, 0, 278, 0, NULL, NULL, 1, '2020-08-20 20:41:17', '2020-08-20 20:41:17'),
(72, 43, 11, '2020-08-11', NULL, 98, 0, 368, 0, NULL, NULL, 1, '2020-08-20 20:43:52', '2020-08-20 20:43:52'),
(73, 44, 11, '2020-08-11', NULL, 103, 0, 410, 0, NULL, NULL, 1, '2020-08-20 20:47:10', '2020-08-20 20:47:10'),
(74, 44, 18, '2020-08-11', NULL, 103, 0, 2430, 0, NULL, NULL, 1, '2020-08-20 20:47:10', '2020-08-20 20:47:10'),
(75, 44, 14, '2020-08-11', NULL, 103, 0, 680, 0, NULL, NULL, 1, '2020-08-20 20:47:10', '2020-08-20 20:47:10'),
(76, 44, 13, '2020-08-11', NULL, 103, 0, 480, 0, NULL, NULL, 1, '2020-08-20 20:47:10', '2020-08-20 20:47:10'),
(77, 46, 11, '2020-08-11', NULL, 49, 0, 122, 0, NULL, NULL, 1, '2020-08-20 20:52:19', '2020-08-20 20:52:19'),
(78, 46, 12, '2020-08-11', NULL, 49, 0, NULL, NULL, NULL, NULL, 1, '2020-08-20 20:52:19', '2020-08-20 20:52:19'),
(79, 46, 14, '2020-08-11', NULL, 49, 0, NULL, NULL, NULL, NULL, 1, '2020-08-20 20:52:19', '2020-08-20 20:52:19'),
(80, 48, 13, '2020-08-11', NULL, 101, 0, 410, 0, NULL, NULL, 1, '2020-08-20 20:55:47', '2020-08-20 20:55:47'),
(81, 49, 13, '2020-08-11', NULL, 59, 0, 520, 0, NULL, NULL, 1, '2020-08-20 20:58:21', '2020-08-20 20:58:21'),
(82, 50, 13, '2020-08-11', NULL, 245, 0, 380, 0, NULL, NULL, 1, '2020-08-20 21:01:31', '2020-08-20 21:01:31'),
(83, 51, 13, '2020-08-11', NULL, 132, 0, 160, 0, NULL, NULL, 1, '2020-08-20 21:03:48', '2020-08-20 21:03:48'),
(84, 52, 12, '2020-08-11', NULL, 59, 0, 232, 0, NULL, NULL, 1, '2020-08-20 21:07:46', '2020-08-20 21:07:46'),
(85, 53, 11, '2020-08-11', NULL, 67, 0, 157, 0, NULL, NULL, 1, '2020-08-20 21:09:20', '2020-08-20 21:09:20'),
(86, 54, 11, '2020-08-11', NULL, 33, 0, 44, 0, NULL, NULL, 1, '2020-08-20 21:16:15', '2020-08-20 21:16:15'),
(87, 55, 11, '2020-08-11', NULL, 61, 0, 320, 0, NULL, NULL, 1, '2020-08-20 21:18:55', '2020-08-20 21:18:55'),
(88, 56, 11, '2020-08-11', NULL, 8, 0, 1.3, 0, NULL, NULL, 1, '2020-08-20 21:22:33', '2020-08-20 21:22:33'),
(89, 58, 12, '2020-08-11', NULL, 23, 0, 12, 0, NULL, NULL, 1, '2020-08-20 21:26:11', '2020-08-20 21:26:11'),
(90, 59, 11, '2020-08-11', NULL, 78, 0, 14, 0, NULL, NULL, 1, '2020-08-20 21:29:07', '2020-08-20 21:29:07'),
(91, 60, 12, '2020-08-11', NULL, 139, 0, 305, 0, NULL, NULL, 1, '2020-08-20 21:33:40', '2020-08-20 21:33:40'),
(104, 80, 11, '2018-07-10', NULL, 20, 0, 130, 100, NULL, NULL, 1, '2020-08-21 18:15:18', '2020-08-21 18:15:18'),
(105, 80, 12, '2018-07-10', NULL, 20, 0, 80, 10, NULL, NULL, 1, '2020-08-21 18:15:18', '2020-08-21 18:15:18'),
(106, 80, 13, '2018-07-10', NULL, 20, 0, 110, 200, NULL, NULL, 1, '2020-08-21 18:15:18', '2020-08-21 18:15:18'),
(107, 80, 11, '2018-07-30', NULL, 20, 0, 190, 2, NULL, NULL, 1, '2020-08-21 18:18:30', '2020-08-21 18:18:30'),
(108, 80, 12, '2018-07-30', NULL, 20, 0, 115, 20, NULL, NULL, 1, '2020-08-21 18:18:30', '2020-08-21 18:18:30'),
(109, 80, 13, '2018-07-30', NULL, 20, 0, 170, 0, NULL, NULL, 1, '2020-08-21 18:18:31', '2020-08-21 18:18:31'),
(113, 80, 11, '2018-09-08', NULL, 20, 0, 336, 4, NULL, NULL, 1, '2020-08-21 18:25:38', '2020-08-21 18:25:38'),
(114, 80, 12, '2018-09-08', NULL, 20, 0, 200, NULL, NULL, NULL, 1, '2020-08-21 18:25:38', '2020-08-21 18:25:38'),
(115, 80, 13, '2018-09-08', NULL, 20, 0, 318, NULL, NULL, NULL, 1, '2020-08-21 18:25:38', '2020-08-21 18:25:38'),
(119, 80, 11, '2018-08-19', NULL, 20, 0, 260, NULL, NULL, NULL, 1, '2020-08-21 18:34:15', '2020-08-21 18:34:15'),
(120, 80, 12, '2018-08-19', NULL, 20, 0, 155, NULL, NULL, NULL, 1, '2020-08-21 18:34:15', '2020-08-21 18:34:15'),
(121, 80, 13, '2018-08-19', NULL, 20, 0, 240, 3, NULL, NULL, 1, '2020-08-21 18:34:15', '2020-08-21 18:34:15'),
(122, 80, 11, '2018-09-28', NULL, 20, 0, 426, NULL, NULL, NULL, 1, '2020-08-21 18:36:02', '2020-08-21 18:36:02'),
(123, 80, 12, '2018-09-28', NULL, 20, 0, 250, 3, NULL, NULL, 1, '2020-08-21 18:36:02', '2020-08-21 18:36:02'),
(124, 80, 13, '2018-09-28', NULL, 20, 0, 410, NULL, NULL, NULL, 1, '2020-08-21 18:36:02', '2020-08-21 18:36:02'),
(131, 80, 11, '2018-10-02', NULL, 105, 1, NULL, NULL, 610, NULL, 1, '2020-08-21 18:53:36', '2020-08-21 18:53:36'),
(132, 80, 12, '2018-10-02', NULL, 105, 1, NULL, NULL, 150, NULL, 1, '2020-08-21 18:53:36', '2020-08-21 18:53:36'),
(133, 80, 13, '2018-10-02', NULL, 105, 1, NULL, NULL, 50, NULL, 1, '2020-08-21 18:53:36', '2020-08-21 18:53:36'),
(134, 80, 11, '2018-10-04', NULL, 2, 1, NULL, NULL, 800, NULL, 1, '2020-08-21 18:54:25', '2020-08-21 18:54:25'),
(135, 80, 12, '2018-10-04', NULL, 2, 1, NULL, NULL, 300, NULL, 1, '2020-08-21 18:54:25', '2020-08-21 18:54:25'),
(136, 80, 13, '2018-10-04', NULL, 2, 1, NULL, NULL, 100, NULL, 1, '2020-08-21 18:54:25', '2020-08-21 18:54:25'),
(137, 80, 11, '2018-10-07', NULL, 3, 1, NULL, NULL, 4000, NULL, 1, '2020-08-21 18:55:16', '2020-08-21 18:55:16'),
(138, 80, 12, '2018-10-07', NULL, 3, 1, NULL, NULL, 100, NULL, 1, '2020-08-21 18:55:16', '2020-08-21 18:55:16'),
(139, 80, 13, '2018-10-07', NULL, 3, 1, NULL, NULL, 100, NULL, 1, '2020-08-21 18:55:16', '2020-08-21 18:55:16'),
(140, 80, 11, '2018-10-15', NULL, 8, 1, NULL, NULL, 5000, NULL, 1, '2020-08-21 18:56:19', '2020-08-21 18:56:19'),
(141, 80, 12, '2018-10-15', NULL, 8, 1, NULL, NULL, 50, NULL, 1, '2020-08-21 18:56:19', '2020-08-21 18:56:19'),
(142, 80, 13, '2018-10-15', NULL, 8, 1, NULL, NULL, 50, NULL, 1, '2020-08-21 18:56:19', '2020-08-21 18:56:19'),
(143, 80, 11, '2018-10-20', NULL, 5, 1, NULL, NULL, 4000, NULL, 1, '2020-08-21 18:57:14', '2020-08-21 18:57:14'),
(144, 80, 12, '2018-10-20', NULL, 5, 1, NULL, NULL, 0, NULL, 1, '2020-08-21 18:57:14', '2020-08-21 18:57:14'),
(145, 80, 13, '2018-10-20', NULL, 5, 1, NULL, NULL, 10, NULL, 1, '2020-08-21 18:57:14', '2020-08-21 18:57:14'),
(146, 80, 11, '2018-10-21', NULL, 1, 1, NULL, NULL, 560, NULL, 1, '2020-08-21 18:57:53', '2020-08-21 18:57:53'),
(147, 80, 12, '2018-10-21', NULL, 1, 1, NULL, NULL, 0, NULL, 1, '2020-08-21 18:57:53', '2020-08-21 18:57:53'),
(148, 80, 13, '2018-10-21', NULL, 1, 1, NULL, NULL, 0, NULL, 1, '2020-08-21 18:57:53', '2020-08-21 18:57:53'),
(149, 80, 11, '2018-10-25', NULL, 4, 1, NULL, NULL, 710, NULL, 1, '2020-08-21 18:58:37', '2020-08-21 18:58:37'),
(150, 80, 12, '2018-10-25', NULL, 4, 1, NULL, NULL, NULL, NULL, 1, '2020-08-21 18:58:37', '2020-08-21 18:58:37'),
(151, 80, 13, '2018-10-25', NULL, 4, 1, NULL, NULL, NULL, NULL, 1, '2020-08-21 18:58:37', '2020-08-21 18:58:37'),
(152, 80, 11, '2018-10-04', NULL, 2, 2, NULL, 2, NULL, NULL, 1, '2020-08-21 19:07:42', '2020-08-21 19:07:42'),
(153, 80, 12, '2018-10-04', NULL, 2, 2, NULL, 7, NULL, NULL, 1, '2020-08-21 19:07:42', '2020-08-21 19:07:42'),
(154, 80, 13, '2018-10-04', NULL, 2, 2, NULL, 2, NULL, NULL, 1, '2020-08-21 19:07:42', '2020-08-21 19:07:42');

-- --------------------------------------------------------

--
-- Estructura de tabla para la tabla `siembras`
--

CREATE TABLE `siembras` (
  `id` int(11) NOT NULL,
  `nombre_siembra` varchar(100) NOT NULL,
  `id_contenedor` int(11) NOT NULL,
  `fecha_inicio` date NOT NULL,
  `ini_descanso` date DEFAULT NULL,
  `estado` int(11) NOT NULL,
  `fin_descanso` date DEFAULT NULL,
  `created_at` timestamp NOT NULL DEFAULT current_timestamp(),
  `updated_at` timestamp NOT NULL DEFAULT current_timestamp() ON UPDATE current_timestamp(),
  `fecha_alimento` date DEFAULT NULL
) ENGINE=InnoDB DEFAULT CHARSET=utf8mb4;

--
-- Volcado de datos para la tabla `siembras`
--

INSERT INTO `siembras` (`id`, `nombre_siembra`, `id_contenedor`, `fecha_inicio`, `ini_descanso`, `estado`, `fin_descanso`, `created_at`, `updated_at`, `fecha_alimento`) VALUES
(80, '2018', 91, '2018-06-20', NULL, 1, NULL, '2020-08-21 18:10:33', '2020-08-21 21:22:39', '2018-10-25');

-- --------------------------------------------------------

--
-- Estructura de tabla para la tabla `users`
--

CREATE TABLE `users` (
  `id` bigint(20) UNSIGNED NOT NULL,
  `name` varchar(191) COLLATE utf8mb4_unicode_ci NOT NULL,
  `email` varchar(191) COLLATE utf8mb4_unicode_ci NOT NULL,
  `email_verified_at` timestamp NULL DEFAULT NULL,
  `password` varchar(191) COLLATE utf8mb4_unicode_ci NOT NULL,
  `remember_token` varchar(100) COLLATE utf8mb4_unicode_ci DEFAULT NULL,
  `estado` int(2) NOT NULL DEFAULT 1,
  `created_at` timestamp NULL DEFAULT NULL,
  `updated_at` timestamp NULL DEFAULT NULL
) ENGINE=InnoDB DEFAULT CHARSET=utf8mb4 COLLATE=utf8mb4_unicode_ci;

--
-- Volcado de datos para la tabla `users`
--

INSERT INTO `users` (`id`, `name`, `email`, `email_verified_at`, `password`, `remember_token`, `estado`, `created_at`, `updated_at`) VALUES
(1, 'Cristhiam Camilo', 'ccmonpan@hotmail.com', NULL, '$2y$10$phfcsCm1OzRNdO1uPDVFh./vVrqh5Vc9.gtr70I7Zarb1A9OAgOgC', 'yLjSNqZhlaGpAC7iZ0c4aL9UdFcb7umGZeepVJgM6BGPb4fqJGN4b2GeP6R5', 1, '2020-06-29 23:07:18', '2020-06-29 23:07:18'),
(2, 'Isabella', 'issalazar00@outlook.com', NULL, '$2y$10$SXdLLlbOiMy13006qYM5ze4aqPolr80pvC0vVLWQ6ZRzMm2kOYN/C', NULL, 1, '2020-06-30 01:02:57', '2020-06-30 01:02:57'),
(4, 'andres rojas', 'andres@gmail.com', NULL, '$2y$10$7QFjVQunNyOKdn4SMZJBU.K88hW03sW11Py.kzdOLDCpaP4DjiOc.', NULL, 1, '2020-07-15 02:54:52', '2020-07-15 02:54:52'),
(5, 'richard peña', 'richardpen90@gmail.com', NULL, '$2y$10$PkU9jMgFAiSQI7wrZXSk7./29/qO4PUa48Lt4TS0U8wjyFrAXRe.C', NULL, 1, '2020-07-18 21:57:18', '2020-07-18 21:57:18'),
(6, 'Edison Steve Pecillo', 'estevenup@hotmail.com', NULL, '$2y$10$gDVrSn4.AUooDrx/wuGab.Q9DxsmCD8zSxD/U/kAqJ6Dm3mbdSdz.', NULL, 1, '2020-08-07 02:42:30', '2020-08-07 02:42:30'),
(7, 'Esteban Jurado', 'esteban_5280@hotmail.com', NULL, '$2y$10$jLrpheNFWBa8WIZ9BqZmSOsjvowZiLKj4r5x0nWE9xyBX1som1Baa', NULL, 1, '2020-08-13 00:06:28', '2020-08-13 00:06:28');

--
-- Índices para tablas volcadas
--

--
-- Indices de la tabla `alimentos`
--
ALTER TABLE `alimentos`
  ADD PRIMARY KEY (`id`);

--
-- Indices de la tabla `calidad_agua`
--
ALTER TABLE `calidad_agua`
  ADD PRIMARY KEY (`id`);

--
-- Indices de la tabla `calidad_siembra`
--
ALTER TABLE `calidad_siembra`
  ADD PRIMARY KEY (`id`);

--
-- Indices de la tabla `contenedores`
--
ALTER TABLE `contenedores`
  ADD PRIMARY KEY (`id`);

--
-- Indices de la tabla `especies`
--
ALTER TABLE `especies`
  ADD PRIMARY KEY (`id`);

--
-- Indices de la tabla `especies_siembra`
--
ALTER TABLE `especies_siembra`
  ADD PRIMARY KEY (`id`);

--
-- Indices de la tabla `failed_jobs`
--
ALTER TABLE `failed_jobs`
  ADD PRIMARY KEY (`id`);

--
-- Indices de la tabla `migrations`
--
ALTER TABLE `migrations`
  ADD PRIMARY KEY (`id`);

--
-- Indices de la tabla `password_resets`
--
ALTER TABLE `password_resets`
  ADD KEY `password_resets_email_index` (`email`);

--
-- Indices de la tabla `recursos`
--
ALTER TABLE `recursos`
  ADD PRIMARY KEY (`id`);

--
-- Indices de la tabla `recursos_necesarios`
--
ALTER TABLE `recursos_necesarios`
  ADD PRIMARY KEY (`id`);

--
-- Indices de la tabla `recursos_siembras`
--
ALTER TABLE `recursos_siembras`
  ADD PRIMARY KEY (`id`);

--
-- Indices de la tabla `registros`
--
ALTER TABLE `registros`
  ADD PRIMARY KEY (`id`);

--
-- Indices de la tabla `siembras`
--
ALTER TABLE `siembras`
  ADD PRIMARY KEY (`id`);

--
-- Indices de la tabla `users`
--
ALTER TABLE `users`
  ADD PRIMARY KEY (`id`),
  ADD UNIQUE KEY `users_email_unique` (`email`);

--
-- AUTO_INCREMENT de las tablas volcadas
--

--
-- AUTO_INCREMENT de la tabla `alimentos`
--
ALTER TABLE `alimentos`
  MODIFY `id` int(11) NOT NULL AUTO_INCREMENT, AUTO_INCREMENT=56;

--
-- AUTO_INCREMENT de la tabla `calidad_agua`
--
ALTER TABLE `calidad_agua`
  MODIFY `id` int(11) NOT NULL AUTO_INCREMENT, AUTO_INCREMENT=6;

--
-- AUTO_INCREMENT de la tabla `calidad_siembra`
--
ALTER TABLE `calidad_siembra`
  MODIFY `id` int(11) NOT NULL AUTO_INCREMENT, AUTO_INCREMENT=4;

--
-- AUTO_INCREMENT de la tabla `contenedores`
--
ALTER TABLE `contenedores`
  MODIFY `id` int(11) NOT NULL AUTO_INCREMENT, AUTO_INCREMENT=94;

--
-- AUTO_INCREMENT de la tabla `especies`
--
ALTER TABLE `especies`
  MODIFY `id` int(11) NOT NULL AUTO_INCREMENT, AUTO_INCREMENT=19;

--
-- AUTO_INCREMENT de la tabla `especies_siembra`
--
ALTER TABLE `especies_siembra`
  MODIFY `id` int(11) NOT NULL AUTO_INCREMENT, AUTO_INCREMENT=210;

--
-- AUTO_INCREMENT de la tabla `failed_jobs`
--
ALTER TABLE `failed_jobs`
  MODIFY `id` bigint(20) UNSIGNED NOT NULL AUTO_INCREMENT;

--
-- AUTO_INCREMENT de la tabla `migrations`
--
ALTER TABLE `migrations`
  MODIFY `id` int(10) UNSIGNED NOT NULL AUTO_INCREMENT, AUTO_INCREMENT=4;

--
-- AUTO_INCREMENT de la tabla `recursos`
--
ALTER TABLE `recursos`
  MODIFY `id` int(11) NOT NULL AUTO_INCREMENT, AUTO_INCREMENT=17;

--
-- AUTO_INCREMENT de la tabla `recursos_necesarios`
--
ALTER TABLE `recursos_necesarios`
  MODIFY `id` int(11) NOT NULL AUTO_INCREMENT, AUTO_INCREMENT=352;

--
-- AUTO_INCREMENT de la tabla `recursos_siembras`
--
ALTER TABLE `recursos_siembras`
  MODIFY `id` int(11) NOT NULL AUTO_INCREMENT, AUTO_INCREMENT=350;

--
-- AUTO_INCREMENT de la tabla `registros`
--
ALTER TABLE `registros`
  MODIFY `id` int(11) NOT NULL AUTO_INCREMENT, AUTO_INCREMENT=177;

--
-- AUTO_INCREMENT de la tabla `siembras`
--
ALTER TABLE `siembras`
  MODIFY `id` int(11) NOT NULL AUTO_INCREMENT, AUTO_INCREMENT=83;

--
-- AUTO_INCREMENT de la tabla `users`
--
ALTER TABLE `users`
  MODIFY `id` bigint(20) UNSIGNED NOT NULL AUTO_INCREMENT, AUTO_INCREMENT=8;
COMMIT;

/*!40101 SET CHARACTER_SET_CLIENT=@OLD_CHARACTER_SET_CLIENT */;
/*!40101 SET CHARACTER_SET_RESULTS=@OLD_CHARACTER_SET_RESULTS */;
/*!40101 SET COLLATION_CONNECTION=@OLD_COLLATION_CONNECTION */;
